key,type,,maxVersion,en,de,ru
about,string,,,About,Über Kurzbefehle …,О скрипте
ac_error_execution,string,,,Error executing action:\n%1\n\n%2,Fehler beim Ausführen der Aktion:\n%1\n\n%2,Ошибка запуска операции:\n%1\n\n%2
cancel,string,,,Cancel,Abbrechen,Отмена
cd_all,string,,,All Built-In Menu Commands,Alle integrierten Menübefehle,Стандартные команды меню
cd_delete_confirm,string,,,Delete Commands?\nDeleted commands will longer work in any workflows you previously created where they were used as a step.\n\n%1,Befehle löschen?\nGelöschte Befehle werden in bestehenden Arbeitsabläufen nicht mehr funktionieren.\n\n%1,"Удалить команду?\nУдаленные команды больше не будут работать в любых созданных наборах, где они использовались\n\n%1"
cd_delete_confirm_title,string,,,Confirm Commands To Delete,Bestätigen Sie die zu löschenden Befehle.,Подтвердить удаление команд
cd_delete_select,string,,,Select Menu Commands To Delete,Wählen Sie die zu löschenden Menübefehle aus.,Выбрать команды меню для удаления
cd_error_delete,string,,,Command couldn't be deleted.\n%1,Befehl konnte nicht gelöscht werden.\n%1,Команда не может быть удалена\n%1
cd_error_executing,string,,,Error executing command:\n%1\n\n%2,Fehler beim Ausführen des Befehls:\n%1\n\n%2,Ошибка запуска команды:\n%1\n\n%2
cd_helptip,string,,,Double-click a command to add it as a workflow step below.,"Doppelklicken Sie auf einen Befehl, um ihn unten als benutzerdefinierten Schritt hinzuzufügen.","Нажмите дважды на команду, чтобы добавить ее как шаг набора"
cd_hide_confirm_title,string,,,Confirm Commands To Hide,Auszublendende Befehle bestätigen,Подтвердить скрытие команд
cd_hide_select,string,,,Select Menu Commands To Hide,Wählen Sie die auszublendenden Menübefehle aus.,Выбрать команды меню для скрытия
cd_invalid,string,,,Invalid command type:\n%1,Ungültiger Befehlstyp:\n%1,Неправильный тип:\n%1
cd_none_delete,string,,,There are no commands to delete.,Es gibt keine Befehle zum Löschen.,Нет команд для удаления
cd_none_hide,string,,,There are no commands to hide.,Es gibt keine Befehle zum Ausblenden.,Нет команд для скрытия
cd_none_reveal,string,,,There are no hidden commands to reveal.,Keine verborgenen Befehle vorhanden.,Нет скрытых команд
cd_q_helptip,string,,,"Search for commands, actions, and loaded scripts.","Befehle, Aktionen und geladene Skripte suchen.","Поиск команд, операций и загруженных скриптов"
cd_reveal_confirm,string,,,Unhide Commands?\n%1,Verborgene Befehle anzeigen?\n%1,Показать скрытые команды?\n%1
cd_reveal_confirm_title,string,,,Confirm Commands To Unhide,Die ausgewählten Befehle anzeigen?,Подтвердить показ команд
cd_reveal_menu_select,string,,,Select Hidden Menu Commands To Unhide,"Wählen Sie die ausgeblendeten Menübefehle aus, die angezeigt werden sollen.",Выберите скрытые команды для показа
cd_revealed_total,string,,,Total hidden commands revealed:\n%1,"Anzahl der verborgenen Befehle, die wieder angezeigt werden:\n%1",Показано скрытых команд:\n%1
cd_search_for,string,,,"Search for commands, actions, and loaded scripts.","Befehle, Aktionen und geladene Skripte suchen.","Поиск команд, операций и загруженных скриптов"
copyright,string,,,Copyright 2022 Josh Duncan,,
cp_config,string,,,Palette Settings and Configuration,Paletteneinstellungen und -konfiguration,Настройка и конфигурация панели
cp_q_helptip,string,,,"Search for commands, actions, and loaded scripts.","Befehle, Aktionen und geladene Skripte suchen.","Поиск команд, операций и загруженных скриптов"
description,string,,,"Boost your Adobe Illustrator efficiency with quick access to most menu commands and tools, all of your actions, and any scripts right from your keyboard. And, with custom workflows, you can combine multiple commands, actions, and scripts to get things done in your own way. Replace repetitive tasks with workflows and boost your productivity.","Steigern Sie Ihre Effizienz in Adobe Illustrator mit schnellem Zugriff auf die meisten Menübefehle und Werkzeuge sowie alle Aktionen und Skripte, die direkt über die Tastatur ausgeführt werden können. Mit benutzerdefinierten Arbeitsabläufen können Sie mehrere Befehle, Aktionen und Skripte kombinieren. Erledigen Sie wiederkehrende Aufgaben mit Arbeitsabläufen und steigern Sie Ihre Produktivität.","Повысьте скорость работы в Adobe Illustrator благодаря быстрому доступу к большинству команд меню, инструментам, всем операциям и любым загруженным скриптам прямо с клавиатуры. А пользовательские наборы позволяют комбинировать несколько команд, операций и скриптов. Замените повторяющиеся задачи наборами команд и повысьте свою производительность."
fl_error_loading,string,,,Error loading file:\n%1,Fehler beim Laden der Datei:\n%1,Ошибка загрузки файла:\n%1
fl_error_writing,string,,,Error writing file:\n%1,Fehler beim Schreiben der Datei:\n%1,Ошибка записи файла:\n%1
github,string,,,Click here to learn more,Klicken Sie hier für weitere Informationen,"Нажмите, чтобы узнать больше"
sc_already_loaded,string,,,Script already loaded.\nWould you like to replace the previous script with the new one?,Skript bereits geladen.\nMöchten Sie es ersetzen?,Скрипт уже загружен\nХотите его заменить?
sc_already_loaded_title,string,,,Script Load Conflict,Skriptladekonflikt,Проблема загрузки скрипта
sc_error_execution,string,,,Error executing script:\n%1\n\n%2,Fehler beim Ausführen des Skripts:\n%1\n\n%2,Ошибка запуска скрипта:\n%1\n\n%2
sc_error_exists,string,,,Script no longer exists at original path. Try reloading.\n%1,Skript existiert nicht mehr am ursprünglichen Ort.\n%1,Скрипт не найден в указанной папке\n%1
sc_error_loading,string,,,Error loading script:\n%1,Fehler beim Laden des Skripts:\n%1,Ошибка загрузки скрипта:\n%1
sc_none_selected,string,,,No script files selected.\nMust be JavaScript '.js' or '.jsx' files.,Keine Skriptdateien ausgewählt.\nEs müssen JavaScript-'.js'- oder '.jsx'-Dateien sein.,Не выбраны скрипты\nФайлы JavaScript имеют расширение '.js' или '.jsx'
sc_total_loaded,string,,,Total scripts loaded:\n%1,Geladene Skripte insgesamt:\n%1,Загружено скриптов:\n%1
script,string,,,Script,Skript,Скрипт
step_delete,string,,,Delete,Löschen,Удалить
step_down,string,,,Move Down,Nach unten,Вниз
step_up,string,,,Move Up,Nach oben,Наверх
title,string,,,Ai Command Palette,Kurzbefehle,
tl_all,string,,,All Built-In Tools,Alle integrierten Werkzeuge,Стандартные инструменты
tl_error_selecting,string,,,Error selecting tool:\n%1\n\n%2,Fehler beim Auswählen des Werkzeugs:\n%1\n\n%2,Ошибка выбора инструмента:\n%1\n\n%2
tl_none_available,string,,,No tools are currently available.,Zurzeit sind keine Werkzeuge verfügbar.,Инструменты в данный момент недоступны
version,string,,,Version %1,Ausführung %1,версия %1
wf_already_exists,string,,,A workflow with that name already exists.\nWould you like to overwrite the previous workflow with the new one?,Ein Arbeitsablauf mit diesem Namen existiert bereits.\nSoll der bestehende Arbeitsablauf überschrieben werden?,Набор с таким именем уже существует\nХотите перезаписать предыдущий?
wf_already_exists_title,string,,,Save Workflow Conflict,Arbeitsablauf-Konflikt speichern?,Проблема сохранения набора
wf_builder,string,,,Workflow Builder,Arbeitsabläufe erstellen,Редактор наборов команд
wf_choose,string,,,Choose A Workflow To Edit,Wählen Sie einen Arbeitsablauf zum Bearbeiten aus.,Выберите набор для редактирования
wf_error_saving,string,,,Error saving workflow:\n%1,Fehler beim Speichern des Arbeitsablaufs:\n%1,Ошибка сохранения набора:\n%1
wf_needs_attention,string,,,Workflow needs attention.\nThe following action steps from your workflow are no longer available.\n\nDeleted Actions:\n%1\n\nIncompatible Actions:\n%2,,Набор требует внимания\nУказанные шаги в вашем наборе команд больше недоступны.\n\nУдаленные команды:\n%1\n\nНесовместимые команды:\n%2
wf_name,string,,,Enter a new name for your workflow.,Geben Sie einen neuen Namen für den Arbeitsablauf an.,Введите новое имя набора
wf_name_title,string,,,New Workflow Name,Name des neuen Arbeitsablaufs,Имя нового набора
wf_none_attention,string,,,There are no workflows that need attention.,"Es gibt keine Arbeitsabläufe, die beachtet werden müssen.",Нет наборов требующих внимания
wf_none_edit,string,,,There are no workflows to edit.,Es gibt keine Arbeitsabläufe zum Bearbeiten.,Нет наборов для редактирования
wf_not_saved,string,,,Workflow not saved.,Arbeitsablauf nicht gespeichert,Набор не сохранен
wf_save_as,string,,,Save Workflow As,Arbeitsablauf speichern als,Сохранить набор как
wf_steps,string,,,Workflow Steps,Befehlskombinationen,Шаги набора
wf_steps_helptip,string,,,Workflows will run in order from top to bottom.,Die Befehlskombinationen werden in der Reihenfolge von oben nach unten ausgeführt.,Набор выполняется сверху вниз
wf_titlecase,string,,,Workflow,Arbeitsablauf,Наборы
workflow,string,,,workflow,Arbeitsablauf,Наборы
settings,defaults,,,Ai Command Palette Settings...,Kurzbefehle – Einstellungen …,Настройки
about,config,,,About Ai Command Palette...,Über Kurzbefehle …,Об Ai Command Palette
buildWorkflow,config,,,Build Workflow...,Arbeitsablauf erstellen …,Создать набор команд
editWorkflow,config,,,Edit Workflow...,Arbeitsablauf bearbeiten …,Редактировать набор команд
loadScript,config,,,Load Scripts...,Skripte laden …,Загрузить скрипты
hideCommand,config,,,Hide Commands...,Befehle ausblenden …,Скрыть команды
unhideCommand,config,,,Unhide Commands...,Befehle einblenden …,Показать команды
deleteCommand,config,,,Delete Commands...,Befehle löschen …,Удалить команды
revealPrefFile,config,,,Reveal Preferences File,Einstellungen-Datei anzeigen,Показать файл настроек
Adobe Add Anchor Point Tool,tool,24,,Add Anchor Point Tool,Ankerpunkt-hinzufügen-Werkzeug,Инструмент: Добавить опорную точку
Adobe Anchor Point Tool,tool,24,,Anchor Point Tool,Ankerpunkt-Werkzeug,Инструмент: Опорная точка
Adobe Arc Tool,tool,24,,Arc Tool,Bogen-Werkzeug,Инструмент: Дуга
Adobe Area Graph Tool,tool,24,,Area Graph Tool,Flächendiagramm,Инструмент: Диаграмма с областями
Adobe Area Type Tool,tool,24,,Area Type Tool,Flächentext-Werkzeug,Инструмент: Текст в области
Adobe Crop Tool,tool,24,,Artboard Tool,Zeichenflächen-Werkzeug,Инструмент: Монтажная область
Adobe Bar Graph Tool,tool,24,,Bar Graph Tool,Horizontales Balkendiagramm,Инструмент: Диаграмма горизонтальные полосы
Adobe Blend Tool,tool,24,,Blend Tool,Angleichen-Werkzeug,Инструмент: Переход
Adobe Bloat Tool,tool,24,,Bloat Tool,Aufblasen-Werkzeug,Инструмент: Раздувание
Adobe Blob Brush Tool,tool,24,,Blob Brush Tool,Tropfenpinsel-Werkzeug,Инструмент: Кисть-клякса
Adobe Column Graph Tool,tool,24,,Column Graph Tool,Vertikales Balkendiagramm,Инструмент: Диаграмма вертикальные полосы
Adobe Cyrstallize Tool,tool,24,,Crystallize Tool,Kristallisieren-Werkzeug,Инструмент: Кристаллизация
Adobe Curvature Tool,tool,24,,Curvature Tool,Kurvenzeichner,Инструмент: Кривизна
Adobe Delete Anchor Point Tool,tool,24,,Delete Anchor Point Tool,Ankerpunkt-löschen-Werkzeug,Инструмент: Удалить опорную точку
Adobe Direct Select Tool,tool,24,,Direct Selection Tool,Direktauswahl-Werkzeug,Инструмент: Прямое выделение
Adobe Ellipse Shape Tool,tool,24,,Ellipse Tool,Ellipse-Werkzeug,Инструмент: Эллипс
Adobe Eraser Tool,tool,24,,Eraser Tool,Radiergummi-Werkzeug,Инструмент: Ластик
Adobe Eyedropper Tool,tool,24,,Eyedropper Tool,Pipette-Werkzeug,Инструмент: Пипетка
Adobe Flare Tool,tool,24,,Flare Tool,Blendenflecke-Werkzeug,Инструмент: Блик
Adobe Free Transform Tool,tool,24,,Free Transform Tool,Frei-transformieren-Werkzeug,Инструмент: Свободное трансформирование
Adobe Gradient Vector Tool,tool,24,,Gradient Tool,Verlauf-Werkzeug,Инструмент: Градиент
Adobe Direct Object Select Tool,tool,24,,Group Selection Tool,Gruppenauswahl-Werkzeug,Инструмент: Групповое выделение
Adobe Scroll Tool,tool,24,,Hand Tool,Hand-Werkzeug,Инструмент: Рука
Adobe Corner Join Tool,tool,24,,Join Tool,Zusammenfügen-Werkzeug,Инструмент: Соединение
Adobe Knife Tool,tool,24,,Knife Tool,Messer-Werkzeug,Инструмент: Нож
Adobe Direct Lasso Tool,tool,24,,Lasso Tool,Lasso-Werkzeug,Инструмент: Лассо
Adobe Line Graph Tool,tool,24,,Line Graph Tool,Liniendiagramm,Инструмент: Линейная диаграмма
Adobe Line Tool,tool,24,,Line Segment Tool,Liniensegment-Werkzeug,Инструмент: Отрезок линии
Adobe Planar Paintbucket Tool,tool,24,,Live Paint Bucket Tool,Interaktiv-malen-Werkzeug,Инструмент: Быстрая заливка
Adobe Planar Face Select Tool,tool,24,,Live Paint Selection Tool,Interaktiv-malen-Auswahlwerkzeug,Инструмент: Выделение быстрых заливок
Adobe Magic Wand Tool,tool,24,,Magic Wand Tool,Zauberstab-Werkzeug,Инструмент: Волшебная палочка
Adobe Measure Tool,tool,24,,Measure Tool,Mess-Werkzeug,Инструмент: Линейка
Adobe Mesh Editing Tool,tool,24,,Mesh Tool,Gitter-Werkzeug,Инструмент: Сетка
Adobe Brush Tool,tool,24,,Paintbrush Tool,Pinsel-Werkzeug,Инструмент: Кисть
Adobe Freehand Erase Tool,tool,24,,Path Eraser Tool,Löschen-Werkzeug,Инструмент: Стирание контура
Adobe Pattern Tile Tool,tool,24,,Pattern Tile Tool,Musterelement-Werkzeug,Инструмент: Элемент узора
Adobe Pen Tool,tool,24,,Pen Tool,Zeichenstift-Werkzeug,Инструмент: Перо
Adobe Freehand Tool,tool,24,,Pencil Tool,Buntstift-Werkzeug,Инструмент: Карандаш
Perspective Grid Tool,tool,24,,Perspective Grid Tool,Perspektivenraster-Werkzeug,Инструмент: Сетка перспективы
Perspective Selection Tool,tool,24,,Perspective Selection Tool,Perspektivenauswahl-Werkzeug,Инструмент: Выбор перспективы
Adobe Pie Graph Tool,tool,24,,Pie Graph Tool,Kreisdiagramm-Werkzeug,Инструмент: Круговая диаграмма
Adobe Polar Grid Tool,tool,24,,Polar Grid Tool,Radiales-Raster-Werkzeug,Инструмент: Полярная сетка
Adobe Shape Construction Regular Polygon Tool,tool,24,,Polygon Tool,Polygon-Werkzeug,Инструмент: Многоугольник
Adobe Page Tool,tool,24,,Print Tiling Tool,Druckaufteilungs-Werkzeug,Инструмент: Разбиение для печати
Adobe Pucker Tool,tool,24,,Pucker Tool,Zusammenziehen-Werkzeug,Инструмент: Втягивание
Adobe Puppet Warp Tool,tool,24,,Puppet Warp Tool,Formgitter-Werkzeug,Инструмент: Марионеточная деформация
Adobe Radar Graph Tool,tool,24,,Radar Graph Tool,Netzdiagramm,Инструмент: Диаграмма радар
Adobe Rectangle Shape Tool,tool,24,,Rectangle Tool,Rechteck-Werkzeug,Инструмент: Прямоугольник
Adobe Rectangular Grid Tool,tool,24,,Rectangular Grid Tool,Rechteckiges-Raster-Werkzeug,Инструмент: Прямоугольная сетка
Adobe Reflect Tool,tool,24,,Reflect Tool,Spiegeln-Werkzeug,Инструмент: Зеркальное отражение
Adobe Reshape Tool,tool,24,,Reshape Tool,Form-ändern-Werkzeug,Инструмент: Перерисовка
Adobe Rotate Tool,tool,24,,Rotate Tool,Drehen-Werkzeug,Инструмент: Поворот
Adobe Rotate Canvas Tool,tool,24,,Rotate View Tool,Ansichtdrehung-Werkzeug,Инструмент: Поворот вида
Adobe Rounded Rectangle Tool,tool,24,,Rounded Rectangle Tool,Abgerundetes-Rechteck-Werkzeug,Инструмент: Прямоугольник со скругленными углами
Adobe Scale Tool,tool,24,,Scale Tool,Skalieren-Werkzeug,Инструмент: Масштаб
Adobe Scallop Tool,tool,24,,Scallop Tool,Ausbuchten-Werkzeug,Инструмент: Зубцы
Adobe Scatter Graph Tool,tool,24,,Scatter Graph Tool,Streudiagramm,Инструмент: Точечная диаграмма
Adobe Scissors Tool,tool,24,,Scissors Tool,Schere-Werkzeug,Инструмент: Ножницы
Adobe Select Tool,tool,24,,Selection Tool,Auswahl-Werkzeug,Инструмент: Выделение
Adobe Shape Builder Tool,tool,24,,Shape Builder Tool,Formerstellungs-Werkzeug,Инструмент: Создание фигур
Adobe Shaper Tool,tool,24,,Shaper Tool,Shaper-Werkzeug,Инструмент: Произвольная кривая
Adobe Shear Tool,tool,24,,Shear Tool,Verbiegen-Werkzeug,Инструмент: Наклон
Adobe Slice Tool,tool,24,,Slice Tool,Slice-Werkzeug,Инструмент: Фрагменты
Adobe Slice Select Tool,tool,24,,Slice Selection Tool,Slice-Auswahl-Werkzeug,Инструмент: Выделение фрагмента
Adobe Freehand Smooth Tool,tool,24,,Smooth Tool,Glätten-Werkzeug,Инструмент: Сглаживание
Adobe Shape Construction Spiral Tool,tool,24,,Spiral Tool,Spirale-Werkzeug,Инструмент: Спираль
Adobe Stacked Bar Graph Tool,tool,24,,Stacked Bar Graph Tool,Gestapeltes horizontales Balkendiagramm,Инструмент: Диаграмма горизонтальный стек
Adobe Stacked Column Graph Tool,tool,24,,Stacked Column Graph Tool,Gestapeltes vertikales Balkendiagramm,Инструмент: Диаграмма вертикальный стек
Adobe Shape Construction Star Tool,tool,24,,Star Tool,Stern-Werkzeug,Инструмент: Звезда
Adobe Symbol Screener Tool,tool,24,,Symbol Screener Tool,Symbol-transparent-gestalten-Werkzeug,Инструмент: Прозрачность символов
Adobe Symbol Scruncher Tool,tool,24,,Symbol Scruncher Tool,Symbol-stauchen-Werkzeug,Инструмент: Уплотнение символов
Adobe Symbol Shifter Tool,tool,24,,Symbol Shifter Tool,Symbol-verschieben-Werkzeug,Инструмент: Смещение символов
Adobe Symbol Sizer Tool,tool,24,,Symbol Sizer Tool,Symbol-skalieren-Werkzeug,Инструмент: Размер символов
Adobe Symbol Spinner Tool,tool,24,,Symbol Spinner Tool,Symbol-drehen-Werkzeug,Инструмент: Вращение символов
Adobe Symbol Sprayer Tool,tool,24,,Symbol Sprayer Tool,Symbol-aufsprühen-Werkzeug,Инструмент: Распыление символов
Adobe Symbol Stainer Tool,tool,24,,Symbol Stainer Tool,Symbol-färben-Werkzeug,Инструмент: Обесцвечивание символов
Adobe Symbol Styler Tool,tool,24,,Symbol Styler Tool,Symbol-gestalten-Werkzeug,Инструмент: Стили символов
Adobe Touch Type Tool,tool,24,,Touch Type Tool,Touch-Type-Textwerkzeug,Инструмент: Изменение текста
Adobe New Twirl Tool,tool,24,,Twirl Tool,Strudel-Werkzeug,Инструмент: Воронка
Adobe Type Tool,tool,24,,Type Tool,Text-Werkzeug,Инструмент: Текст
Adobe Path Type Tool,tool,24,,Type on a Path Tool,Pfadtext-Werkzeug,Инструмент: Текст по контуру
Adobe Vertical Area Type Tool,tool,24,,Vertical Area Type Tool,Vertikaler-Flächentext-Werkzeug,Инструмент: Вертикальный текст в области
Adobe Vertical Type Tool,tool,24,,Vertical Type Tool,Vertikaler-Text-Werkzeug,Инструмент: Вертикальный текст
Adobe Vertical Path Type Tool,tool,24,,Vertical Type on a Path Tool,Vertikaler-Pfadtext-Werkzeug,Инструмент: Вертикальный текст по контуру
Adobe Warp Tool,tool,24,,Warp Tool,Verkrümmen-Werkzeug,Инструмент: Деформация
Adobe Width Tool,tool,24,,Width Tool,Breiten-Werkzeug,Инструмент: Ширина
Adobe Wrinkle Tool,tool,24,,Wrinkle Tool,Zerknittern-Werkzeug,Инструмент: Морщины
Adobe Zoom Tool,tool,24,,Zoom Tool,Zoom-Werkzeug,Инструмент: Масштаб
new,menu,,,File > New...,Datei > Neu …,Файл > Новый...
newFromTemplate,menu,,,File > New from Template...,Datei > Neu aus Vorlage …,Файл > Новый из шаблона...
open,menu,,,File > Open...,Datei > Öffnen …,Файл > Открыть...
Adobe Bridge Browse,menu,,,File > Browse in Bridge...,Datei > Bridge durchsuchen …,Файл > Обзор в Bridge...
close,menu,,,File > Close,Datei > Schließen,Файл > Закрыть
save,menu,,,File > Save,Datei > Speichern,Файл > Сохранить
saveas,menu,,,File > Save As...,Datei > Speichern unter …,Файл > Сохранить как...
saveacopy,menu,,,File > Save a Copy...,Datei > Kopie speichern …,Файл > Сохранить копию...
saveastemplate,menu,,,File > Save as Template...,Datei > Als Vorlage speichern …,Файл > Сохранить как шаблон...
Adobe AI Save Selected Slices,menu,,,File > Save Selected Slices...,Datei > Ausgewählte Slices speichern …,Файл > Файл > Сохранить выделенные фрагменты...
revert,menu,,,File > Revert,Datei > Zurück zur letzten Version,Файл > Восстановить
Search Adobe Stock,menu,19,,File > Search Adobe Stock,Datei > Adobe Stock durchsuchen …,Файл > Поиск в Adobe Stock...
AI Place,menu,,,File > Place...,Datei > Platzieren …,Файл > Поместить...
exportForScreens,menu,20,,File > Export > Export For Screens...,Datei > Exportieren > Für Bildschirme exportieren …,Файл > Экспорт для экранов...
export,menu,,,File > Export > Export As...,Datei > Exportieren …,Файл > Экспортировать как...
Adobe AI Save For Web,menu,,,File > Export > Save for Web (Legacy)...,Datei > Für Web speichern (Legacy) …,Файл > Сохранить для браузеров...
exportSelection,menu,20,,File > Export Selection...,Datei > Auswahl exportieren …,Файл > Экспортировать выделенные элементы...
Package Menu Item,menu,,,File > Package,Datei > Verpacken …,Файл > Упаковать...
ai_browse_for_script,menu,,,File > Scripts > Other Script...,Datei > Skripten > Anderes Skript …,Файл > Сценарии > Другой сценарий...
document,menu,,,File > Document Setup...,Datei > Dokument einrichten …,Файл > Параметры документа...
doc-color-cmyk,menu,,,File > Document Color Mode > CMYK Color,Datei > Dokumentfarbmodus > CMYK-Farbe,Файл > Цветовой режим документа > CMYK
doc-color-rgb,menu,,,File > Document Color Mode > RGB Color,Datei > Dokumentfarbmodus > RGB-Farbe,Файл > Цветовой режим документа > RGB
File Info,menu,,,File > File Info...,Datei > Dateiinformationen …,Файл > Сведения о файле...
Print,menu,,,File > Print...,Datei > Drucken …,Файл > Печать...
quit,menu,,,File > Exit,Datei > Illustrator beenden,Файл > Выход
undo,menu,,,Edit > Undo,Bearbeiten > Rückgängig,Редактирование > Отменить
redo,menu,,,Edit > Redo,Bearbeiten > Wiederholen,Редактирование > Повторить
cut,menu,,,Edit > Cut,Bearbeiten > Ausschneiden,Редактирование > Вырезать
copy,menu,,,Edit > Copy,Bearbeiten > Kopieren,Редактирование > Копировать
paste,menu,,,Edit > Paste,Bearbeiten > Einfügen,Редактирование > Вставить
pasteFront,menu,,,Edit > Paste in Front,Bearbeiten > Davor einfügen,Редактирование > Вставить на передний план
pasteBack,menu,,,Edit > Paste in Back,Bearbeiten > Dahinter einfügen,Редактирование > Вставить на задний план
pasteInPlace,menu,,,Edit > Paste in Place,Bearbeiten > An Originalposition einfügen,Редактирование > Вставить на то же место
pasteInAllArtboard,menu,,,Edit > Paste on All Artboards,Bearbeiten > In alle Zeichenflächen einfügen,Редактирование > Вставить на все монтажные области
pasteWithoutFormatting,menu,25.3,,Edit > Paste without Formatting,Bearbeiten > Ohne Formatierung einfügen,Редактирование > Вставить без форматирования
clear,menu,,,Edit > Clear,Bearbeiten > Löschen,Редактирование > Очистить
Find and Replace,menu,,,Edit > Find & Replace...,Bearbeiten > Suchen und ersetzen …,Редактирование > Найти и заменить...
Find Next,menu,,,Edit > Find Next,Bearbeiten > Weitersuchen,Редактирование > Найти следующий
Auto Spell Check,menu,24,,Edit > Spelling > Auto Spell Check,Bearbeiten > Rechtschreibung > Automatische Rechtschreibprüfung,Редактирование > Орфография > Автоматическая проверка орфографии
Check Spelling,menu,24,,Edit > Spelling > Check Spelling...,Bearbeiten > Rechtschreibung > Rechtschreibprüfung …,Редактирование > Орфография > Проверка орфографии…
Edit Custom Dictionary...,menu,,,Edit > Edit Custom Dictionary...,Bearbeiten > Eigenes Wörterbuch bearbeiten …,Редактирование > Редактировать заказной словарь...
Recolor Art Dialog,menu,,,Edit > Edit Colors > Recolor Artwork...,Bearbeiten > Farben bearbeiten > Bildmaterial neu färben …,Редактирование > Редактировать цвета > Перекрасить графический объект...
Adjust3,menu,,,Edit > Edit Colors > Adjust Color Balance...,Bearbeiten > Farben bearbeiten > Farbbalance einstellen …,Редактирование > Редактировать цвета > Коррекция цветового баланса...
Colors3,menu,,,Edit > Edit Colors > Blend Front to Back,Bearbeiten > Farben bearbeiten > Vorne -> Hinten angleichen,Редактирование > Редактировать цвета > Переход от верхнего к нижнему
Colors4,menu,,,Edit > Edit Colors > Blend Horizontally,Bearbeiten > Farben bearbeiten > Horizontal angleichen,Редактирование > Редактировать цвета > Переход по горизонтали
Colors5,menu,,,Edit > Edit Colors > Blend Vertically,Bearbeiten > Farben bearbeiten > Vertikal angleichen,Редактирование > Редактировать цвета > Переход по вертикали
Colors8,menu,,,Edit > Edit Colors > Convert to CMYK,Bearbeiten > Farben bearbeiten > In CMYK konvertieren,Редактирование > Редактировать цвета > Преобразовать в CMYK
Colors7,menu,,,Edit > Edit Colors > Convert to Grayscale,Bearbeiten > Farben bearbeiten > In Graustufen konvertieren,Редактирование > Редактировать цвета > Преобразовать в градации серого
Colors9,menu,,,Edit > Edit Colors > Convert to RGB,Bearbeiten > Farben bearbeiten > In RGB konvertieren,Редактирование > Редактировать цвета > Преобразовать в RGB
Colors6,menu,,,Edit > Edit Colors > Invert Colors,Bearbeiten > Farben bearbeiten > Farben invertieren,Редактирование > Редактировать цвета > Негатив
Overprint2,menu,,,Edit > Edit Colors > Overprint Black...,Bearbeiten > Farben bearbeiten > Schwarz überdrucken …,Редактирование > Редактировать цвета > Наложение черного цвета...
Saturate3,menu,,,Edit > Edit Colors > Saturate...,Bearbeiten > Farben bearbeiten > Sättigung erhöhen …,Редактирование > Редактировать цвета > Изменить насыщенность...
EditOriginal Menu Item,menu,,,Edit > Edit Original,Bearbeiten > Original bearbeiten,Редактирование > Редактировать оригинал
Transparency Presets,menu,,,Edit > Transparency Flattener Presets...,Bearbeiten > Transparenzreduzierungsvorgaben …,Редактирование > Стили обработки прозрачности...
Print Presets,menu,,,Edit > Print Presets...,Bearbeiten > Druckvorgaben …,Редактирование > Стили печати...
PDF Presets,menu,,,Edit > Adobe PDF Presets...,Bearbeiten > Adobe PDF-Vorgaben …,Редактирование > Стили преобразования в Adobe PDF...
PerspectiveGridPresets,menu,,,Edit > Perspective Grid Presets...,Bearbeiten > Vorgaben für Perspektivenraster …,Редактирование > Стили сетки перспективы...
color,menu,,,Edit > Color Settings...,Bearbeiten > Farbeinstellungen …,Редактирование > Настройка цветов...
assignprofile,menu,,,Edit > Assign Profile...,Bearbeiten > Profil zuweisen …,Редактирование > Назначить профиль...
KBSC Menu Item,menu,,,Edit > Keyboard Shortcuts...,Bearbeiten > Tastaturbefehle …,Редактирование > Комбинации клавиш...
transformagain,menu,,,Object > Transform > Transform Again,Objekt > Transformieren > Erneut transformieren,Объект > Трансформировать > Повторить трансформирование
transformmove,menu,,,Object > Transform > Move...,Objekt > Transformieren > Verschieben …,Объект > Трансформировать > Перемещение...
transformrotate,menu,,,Object > Transform > Rotate...,Objekt > Transformieren > Drehen …,Объект > Трансформировать > Поворот...
transformreflect,menu,,,Object > Transform > Reflect...,Objekt > Transformieren > Spiegeln …,Объект > Трансформировать > Зеркальное отражение...
transformscale,menu,,,Object > Transform > Scale...,Objekt > Transformieren > Skalieren …,Объект > Трансформировать > Масштабирование...
transformshear,menu,,,Object > Transform > Shear...,Objekt > Transformieren > Verbiegen …,Объект > Трансформировать > Наклон...
Transform v23,menu,,,Object > Transform Each...,Objekt > Transformieren > Einzeln transformieren …,Объект > Трансформировать > Трансформировать каждый...
AI Reset Bounding Box,menu,,,Object > Transform > Reset Bounding Box,Objekt > Transform > Begrenzungsrahmen zurücksetzen,Объект > Трансформировать > Восстановить настройки по умолчанию ограничительной рамки
sendToFront,menu,,,Object > Arrange > Bring to Front,Objekt > Anordnen > In den Vordergrund,Объект > Монтаж > На передний план
sendForward,menu,,,Object > Arrange > Bring Forward,Objekt > Anordnen > Schrittweise nach vorne,Объект > Монтаж > На задний план
sendBackward,menu,,,Object > Arrange > Send Backward,Objekt > Anordnen > Schrittweise nach hinten,Объект > Монтаж > Переложить вперед
sendToBack,menu,,,Object > Arrange > Send to Back,Objekt > Anordnen > In den Hintergrund,Объект > Монтаж > Переложить назад
Selection Hat 2,menu,,,Object > Arrange > Send to Current Layer,Objekt > Anordnen > In aktuelle Ebene verschieben,Объект > Монтаж > Отправить на текущий слой
Horizontal Align Left,menu,24,,Object > Align > Horizontal Align Left,Objekt > Ausrichten > Horizontal links ausrichten,"Объект > Выравнивание > Горизонтальное выравнивание, влево"
Horizontal Align Center,menu,24,,Object > Align > Horizontal Align Center,Objekt > Ausrichten > Horizontal zentriert ausrichten,"Объект > Выравнивание > Горизонтальное выравнивание, центр"
Horizontal Align Right,menu,24,,Object > Align > Horizontal Align Right,Objekt > Ausrichten > Horizontal rechts ausrichten,"Объект > Выравнивание > Горизонтальное выравнивание, вправо"
Vertical Align Top,menu,24,,Object > Align > Vertical Align Top,Objekt > Ausrichten > Vertikal oben ausrichten,"Объект > Выравнивание > Вертикальное выравнивание, вверх"
Vertical Align Center,menu,24,,Object > Align > Vertical Align Center,Objekt > Ausrichten > Vertikal zentriert ausrichten,"Объект > Выравнивание > Вертикальное выравнивание, центр"
Vertical Align Bottom,menu,24,,Object > Align > Vertical Align Bottom,Objekt > Ausrichten > Vertikal unten ausrichten,"Объект > Выравнивание > Вертикальное выравнивание, вниз"
group,menu,,,Object > Group,Objekt > Gruppieren,Объект > Сгруппировать
ungroup,menu,,,Object > Ungroup,Objekt > Gruppierung aufheben,Объект > Разгруппировать
lock,menu,,,Object > Lock > Selection,Objekt > Sperren > Auswahl,Объект > Закрепить > Выделенное
Selection Hat 5,menu,,,Object > Lock > All Artwork Above,Objekt > Sperren > Sämtliches Bildmaterial darüber,Объект > Закрепить > Все объекты выше
Selection Hat 7,menu,,,Object > Lock > Other Layers,Objekt > Sperren > Andere Ebenen,Объект > Закрепить > Остальные слои
unlockAll,menu,,,Object > Unlock All,Objekt > Alle entsperren,Объект > Освободить все
hide,menu,,,Object > Hide > Selection,Objekt > Ausblenden > Auswahl,Объект > Скрыть > Выделенное
Selection Hat 4,menu,,,Object > Hide > All Artwork Above,Objekt > Ausblenden > Sämtliches Bildmaterial darüber,Объект > Скрыть > Все объекты выше
Selection Hat 6,menu,,,Object > Hide > Other Layers,Objekt > Ausblenden > Andere Ebenen,Объект > Скрыть > Остальные слои
showAll,menu,,,Object > Show All,Objekt > Alles einblenden,Объект > Показать все
Crop Image,menu,23,,Object > Crop Image,Objekt > Bild zuschneiden,Объект > Обрезать изображение
Rasterize 8 menu item,menu,,,Object > Rasterize...,Objekt > In Pixelbild umwandeln …,Объект > Растрировать...
make mesh,menu,,,Object > Create Gradient Mesh...,Objekt > Verlaufsgitter erstellen …,Объект > Создать сетчатый градиент...
AI Object Mosaic Plug-in4,menu,,,Object > Create Object Mosaic...,Objekt > Objektmosaik erstellen …,Объект > Создать фрагментацию...
TrimMark v25,menu,,,Object > Create Trim Marks...,Objekt > Schnittmarken erstellen,Объект > Создать метки обреза
Flatten Transparency,menu,,,Object > Flatten Transparency...,Objekt > Transparenz reduzieren …,Объект > Обработка прозрачности...
Make Pixel Perfect,menu,,,Object > Make Pixel Perfect,Objekt > Pixelgenaue Darstellung anwenden,Объект > Коррекция на уровне пикселов
AISlice Make Slice,menu,,,Object > Slice > Make,Objekt > Slice > Erstellen,Объект > Фрагменты > Создать
AISlice Release Slice,menu,,,Object > Slice > Release,Objekt > Slice > Zurückwandeln,Объект > Фрагменты > Расформировать
AISlice Create from Guides,menu,,,Object > Slice > Create from Guides,Objekt > Slice > Aus Hilfslinien erstellen,Объект > Фрагменты > Создать по направляющим
AISlice Create from Selection,menu,,,Object > Slice > Create from Selection,Objekt > Slice > Aus Auswahl erstellen,Объект > Фрагменты > Создать по выделенной области
AISlice Duplicate,menu,,,Object > Slice > Duplicate Slice,Objekt > Slice > Slice duplizieren,Объект > Фрагменты > Создать дубликат фрагмента
AISlice Combine,menu,,,Object > Slice > Combine Slices,Objekt > Slice > Slices kombinieren,Объект > Фрагменты > Объединить фрагменты
AISlice Divide,menu,,,Object > Slice > Divide Slices...,Objekt > Slice > Slices unterteilen …,Объект > Фрагменты > Разделить фрагменты...
AISlice Delete All Slices,menu,,,Object > Slice > Delete All,Objekt > Slice > Alle löschen,Объект > Фрагменты > Удалить все
AISlice Slice Options,menu,,,Object > Slice > Slice Options...,Objekt > Slice > Slice-Optionen …,Объект > Фрагменты > Параметры фрагмента...
AISlice Clip to Artboard,menu,,,Object > Slice > Clip to Artboard,Objekt > Slice > Ganze Zeichenfläche exportieren,Объект > Фрагменты > Обрезать по монтажной области
Expand3,menu,,,Object > Expand...,Objekt > Umwandeln …,Объект > Разобрать…
expandStyle,menu,,,Object > Expand Appearance,Objekt > Aussehen umwandeln,Объект > Разобрать оформление
join,menu,,,Object > Path > Join,Objekt > Pfad > Zusammenfügen,Объект > Контур > Соединить
average,menu,,,Object > Path > Average...,Objekt > Pfad > Durchschnitt berechnen …,Объект > Контур > Усреднить…
OffsetPath v22,menu,,,Object > Path > Outline Stroke,Objekt > Pfad > Konturlinie,Объект > Контур > Преобразовать обводку в кривые
OffsetPath v23,menu,,,Object > Path > Offset Path...,Objekt > Pfad > Pfad verschieben …,Объект > Контур > Создать параллельный контур…
Reverse Path Direction,menu,21,,Object > Path > Reverse Path Direction,Objekt > Pfad > Pfadrichtung umkehren,Объект > Контур > Изменение направления контура
simplify menu item,menu,,,Object > Path > Simplify...,Objekt > Pfad > Vereinfachen …,Объект > Контур > Упростить…
Add Anchor Points2,menu,,,Object > Path > Add Anchor Points,Objekt > Pfad > Ankerpunkte hinzufügen,Объект > Контур > Добавить опорные точки
Remove Anchor Points menu,menu,,,Object > Path > Remove Anchor Points,Objekt > Pfad > Ankerpunkte entfernen,Объект > Контур > Удалить опорные точки
Knife Tool2,menu,,,Object > Path > Divide Objects Below,Objekt > Pfad > Darunter liegende Objekte aufteilen,Объект > Контур > Разделить нижние объекты
Rows and Columns....,menu,,,Object > Path > Split Into Grid...,Objekt > Pfad > In Raster teilen …,Объект > Контур > Создать сетку...
cleanup menu item,menu,,,Object > Path > Clean Up...,Objekt > Pfad > Aufräumen …,Объект > Контур > Вычистить…
Convert to Shape,menu,18,,Object > Shape > Convert to Shapes,Objekt > Form > In Form umwandeln,Объект > Фигура > Преобразовать в фигуры
Expand Shape,menu,18,,Object > Shape > Expand Shapes,Objekt > Form > Form umwandeln,Объект > Фигура > Разобрать фигуру
Adobe Make Pattern,menu,,,Object > Pattern > Make,Objekt > Muster > Erstellen,Объект > Узор > Создать
Adobe Edit Pattern,menu,,,Object > Pattern > Edit Pattern,Objekt > Muster > Muster bearbeiten,Объект > Узор > Редактировать узор
Adobe Pattern Tile Color,menu,,,Object > Pattern > Tile Edge Color...,Objekt > Muster > Farbe für Musterelement-Kante,Объект > Узор > Цвет края элемента...
Make Radial Repeat,menu,25.1,,Object > Repeat > Make Radial,Objekt > Wiederholen > Radial,Объект > Повторить > Радиальный
Make Grid Repeat,menu,25.1,,Object > Repeat > Make Grid,Objekt > Wiederholen > Raster,Объект > Повторить > Сетка
Make Symmetry Repeat,menu,25.1,,Object > Repeat > Make Symmetry,Objekt > Wiederholen > Spiegeln,Объект > Повторить > Зеркально
Release Repeat Art,menu,25.1,,Object > Repeat > Release,Objekt > Wiederholen > Zurückwandeln,Объект > Повторить > Освободить
Repeat Art Options,menu,25.1,,Object > Repeat > Repeat Art Options...,Objekt > Wiederholen > Optionen …,Объект > Повторить > Параметры…
Path Blend Make,menu,,,Object > Blend > Make,Objekt > Angleichen > Erstellen,Объект > Переход > Создать
Path Blend Release,menu,,,Object > Blend > Release,Objekt > Angleichen > Zurückwandeln,Объект > Переход > Отменить
Path Blend Options,menu,,,Object > Blend > Blend Options...,Objekt > Angleichen > Angleichung-Optionen …,Объект > Переход > Параметры перехода…
Path Blend Expand,menu,,,Object > Blend > Expand,Objekt > Angleichen > Umwandeln,Объект > Переход > Разобрать
Path Blend Replace Spine,menu,,,Object > Blend > Replace Spine,Objekt > Angleichen > Achse ersetzen,Объект > Переход > Заменить траекторию
Path Blend Reverse Spine,menu,,,Object > Blend > Reverse Spine,Objekt > Angleichen > Achse umkehren,Объект > Переход > Изменить направление
Path Blend Reverse Stack,menu,,,Object > Blend > Reverse Front to Back,Objekt > Angleichen > Farbrichtung umkehren,Объект > Переход > Изменить порядок
Make Warp,menu,,,Object > Envelope Distort > Make with Warp...,Objekt > Verzerrungshülle > Mit Verkrümmung erstellen …,Объект > Искажение с помощью оболочки > Деформация...
Create Envelope Grid,menu,,,Object > Envelope Distort > Make with Mesh...,Objekt > Verzerrungshülle > Mit Gitter erstellen …,Объект > Искажение с помощью оболочки > По сетке...
Make Envelope,menu,,,Object > Envelope Distort > Make with Top Object,Objekt > Verzerrungshülle > Mit oberstem Objekt erstellen,Объект > Искажение с помощью оболочки > По форме верхнего объекта
Release Envelope,menu,,,Object > Envelope Distort > Release,Objekt > Verzerrungshülle > Zurückwandeln,Объект > Искажение с помощью оболочки > Отделить
Envelope Options,menu,,,Object > Envelope Distort > Envelope Options...,Objekt > Verzerrungshülle > Hüllen-Optionen …,Объект > Искажение с помощью оболочки > Параметры оболочки...
Expand Envelope,menu,,,Object > Envelope Distort > Expand,Objekt > Verzerrungshülle > Umwandeln,Объект > Искажение с помощью оболочки > Разобрать
Edit Envelope Contents,menu,,,Object > Envelope Distort > Edit Contents,Objekt > Verzerrungshülle > Inhalt bearbeiten,Объект > Искажение с помощью оболочки > Редактировать содержимое
Attach to Active Plane,menu,,,Object > Perspective > Attach to Active Plane,Objekt > Perspektive > Aktiver Ebene anhängen,Объект > Перспектива > Прикрепить к активной плоскости
Release with Perspective,menu,,,Object > Perspective > Release with Perspective,Objekt > Perspektive > Aus Perspektive freigeben,Объект > Перспектива > Открепить с сохранением перспективы
Show Object Grid Plane,menu,,,Object > Perspective > Move Plane to Match Object,Objekt > Perspektive > Ebene an Objekt ausrichten,Объект > Перспектива > Переместить плоскость для подгонки по объекту
Edit Original Object,menu,,,Object > Perspective > Edit Text,Objekt > Perspektive > Text bearbeiten,Объект > Перспектива > Редактировать текст
Make Planet X,menu,,,Object > Live Paint > Make,Objekt > Interaktiv malen > Erstellen,Объект > Быстрая заливка > Создать
Marge Planet X,menu,,,Object > Live Paint > Merge,Objekt > Interaktiv malen > Zusammenfügen,Объект > Быстрая заливка > Объединить
Release Planet X,menu,,,Object > Live Paint > Release,Objekt > Interaktiv malen > Zurückwandeln,Объект > Быстрая заливка > Расформировать
Planet X Options,menu,,,Object > Live Paint > Gap Options...,Objekt > Interaktiv malen > Lückenoptionen …,Объект > Быстрая заливка > Параметры зазоров…
Expand Planet X,menu,,,Object > Live Paint > Expand,Objekt > Interaktiv malen > Umwandeln,Объект > Быстрая заливка > Разобрать
Make Image Tracing,menu,,,Object > Image Trace > Make,Objekt > Bildnachzeichner > Erstellen,Объект > Трассировка изображения > Создать
Make and Expand Image Tracing,menu,,,Object > Image Trace > Make and Expand,Objekt > Bildnachzeichner > Erstellen und umwandeln,Объект > Трассировка изображения > Создать и разобрать
Release Image Tracing,menu,,,Object > Image Trace > Release,Objekt > Bildnachzeichner > Zurückwandeln,Объект > Трассировка изображения > Расформировать
Expand Image Tracing,menu,,,Object > Image Trace > Expand,Objekt > Bildnachzeichner > Umwandeln,Объект > Трассировка изображения > Разобрать
Make Text Wrap,menu,,,Object > Text Wrap > Make,Objekt > Textumfluss > Erstellen,Объект > Обтекание текстом > Создать
Release Text Wrap,menu,,,Object > Text Wrap > Release,Objekt > Textumfluss > Zurückwandeln,Объект > Обтекание текстом > Освободить
Text Wrap Options...,menu,,,Object > Text Wrap > Text Wrap Options...,Objekt > Textumfluss > Textumflussoptionen …,Объект > Обтекание текстом > Параметры обтекания текстом...
makeMask,menu,,,Object > Clipping Mask > Make,Objekt > Schnittmaske > Erstellen,Объект > Обтравочная маска > Создать
releaseMask,menu,,,Object > Clipping Mask > Release,Objekt > Schnittmaske > Zurückwandeln,Объект > Обтравочная маска > Отменить
editMask,menu,,,Object > Clipping Mask > Edit Mask,Objekt > Schnittmaske > Maske bearbeiten,Объект > Обтравочная маска > Редактировать маску
compoundPath,menu,,,Object > Compound Path > Make,Objekt > Zusammengesetzter Pfad > Erstellen,Объект > Составной контур > Создать
noCompoundPath,menu,,,Object > Compound Path > Release,Objekt > Zusammengesetzter Pfad > Zurückwandeln,Объект > Составной контур > Отменить
setCropMarks,menu,,,Object > Artboards > Convert to Artboards,Objekt > Zeichenflächen > In Zeichenflächen konvertieren,Объект > Монтажные области > Преобразовать в монтажные области
ReArrange Artboards,menu,,,Object > Artboards > Rearrange All Artboards,Objekt > Zeichenflächen > Alle Zeichenflächen neu anordnen,Объект > Монтажные области > Переупорядочить все монт. обл.
Fit Artboard to artwork bounds,menu,,,Object > Artboards > Fit to Artwork Bounds,Objekt > Zeichenflächen > An Bildmaterialbegrenzungen anpassen,Объект > Монтажные области > Подогнать по границам иллюстрации
Fit Artboard to selected Art,menu,,,Object > Artboards > Fit to Selected Art,Objekt > Zeichenflächen > An ausgewählte Grafik anpassen,Объект > Монтажные области > Подогнать по границам выделенной иллюстрации
setGraphStyle,menu,,,Object > Graph > Type...,Objekt > Diagramm > Art …,Объект > Диаграмма > Тип…
editGraphData,menu,,,Object > Graph > Data...,Objekt > Diagramm > Daten …,Объект > Диаграмма > Данные…
graphDesigns,menu,,,Object > Graph > Design...,Objekt > Diagramm > Designs …,Объект > Диаграмма > Оформление…
setBarDesign,menu,,,Object > Graph > Column...,Objekt > Diagramm > Balken …,Объект > Диаграмма > Столбец…
setIconDesign,menu,,,Object > Graph > Marker...,Objekt > Diagramm > Punkte …,Объект > Диаграмма > Маркер…
Browse Typekit Fonts Menu IllustratorUI,menu,17.1,,Type > More from Adobe Fonts...,Schrift > Mehr bei Adobe Fonts …,Текст > Найти больше в Adobe Fonts...
alternate glyph palette plugin,menu,,,Type > Glyphs,Schrift > Glyphen,Текст > Глифы
area-type-options,menu,,,Type > Area Type Options...,Schrift > Flächentextoptionen …,Текст > Параметры текста в области…
Rainbow,menu,,,Type > Type on a Path > Rainbow,Schrift > Pfadtext > Regenbogen,Текст > Текст по контуру > Радуга
Skew,menu,,,Type > Type on a Path > Skew,Schrift > Pfadtext > Asymmetrie,Текст > Текст по контуру > Наклон
3D ribbon,menu,,,Type > Type on a Path > 3D Ribbon,Schrift > Pfadtext > 3D-Band,Текст > Текст по контуру > Каскад
Stair Step,menu,,,Type > Type on a Path > Stair Step,Schrift > Pfadtext > Treppenstufe,Текст > Текст по контуру > Лесенка
Gravity,menu,,,Type > Type on a Path > Gravity,Schrift > Pfadtext > Schwerkraft,Текст > Текст по контуру > Гравитация
typeOnPathOptions,menu,,,Type > Type on a Path > Type on a Path Options...,Schrift > Pfadtext > Pfadtextoptionen …,Текст > Текст по контуру > Параметры текста по контуру...
updateLegacyTOP,menu,,,Type > Type on a Path > Update Legacy Type on a Path,Schrift > Pfadtext > Alten Pfadtext aktualisieren,Текст > Текст по контуру > Обновить прежнюю версию текста по контуру
threadTextCreate,menu,,,Type > Threaded Text > Create,Schrift > Verketteter Text > Erstellen,Текст > Связанные текстовые блоки > Связать
releaseThreadedTextSelection,menu,,,Type > Threaded Text > Release Selection,Schrift > Verketteter Text > Auswahl zurückwandeln,Текст > Связанные текстовые блоки > Исключить выделенные
removeThreading,menu,,,Type > Threaded Text > Remove Threading,Schrift > Verketteter Text > Verkettung entfernen,Текст > Связанные текстовые блоки > Удалить связь текстовых блоков
fitHeadline,menu,,,Type > Fit Headline,Schrift > Überschrift einpassen,Текст > Разогнать заголовок
Adobe IllustratorUI Resolve Missing Font,menu,,,Type > Resolve Missing Fonts...,Schrift > Fehlende Schriftarten auflösen …,Текст > Сопоставить отсутствующие шрифты...
Adobe Illustrator Find Font Menu Item,menu,,,Type > Find/Replace Font...,Schrift > Schriftart suchen/ersetzen …,Текст > Найти/заменить шрифт...
UpperCase Change Case Item,menu,,,Type > Change Case > UPPERCASE,Schrift > Groß-/Kleinschreibung ändern > GROSSBUCHSTABEN,Текст > Изменить регистр > ВСЕ ПРОПИСНЫЕ
LowerCase Change Case Item,menu,,,Type > Change Case > lowercase,Schrift > Groß-/Kleinschreibung ändern > kleinbuchstaben,Текст > Изменить регистр > все строчные
Title Case Change Case Item,menu,,,Type > Change Case > Title Case,Schrift > Groß-/Kleinschreibung ändern > Erster Buchstabe Im Wort Groß,Текст > Изменить регистр > Прописная В Начале Каждого Слова
Sentence case Change Case Item,menu,,,Type > Change Case > Sentence case,Schrift > Groß-/Kleinschreibung ändern > Erster buchstabe im satz groß,Текст > Изменить регистр > Прописная в начале предложения
Adobe Illustrator Smart Punctuation Menu Item,menu,,,Type > Smart Punctuation...,Schrift > Satz-/Sonderzeichen …,Текст > Типографская пунктуация...
outline,menu,,,Type > Create Outlines,Schrift > In Pfade umwandeln,Текст > Преобразовать в кривые
Adobe Optical Alignment Item,menu,,,Type > Optical Margin Alignment,Schrift > Optischer Randausgleich,Текст > Визуальное выравнивание полей
showHiddenChar,menu,,,Type > Show Hidden Characters,Schrift > Verborgene Zeichen einblenden / ausblenden,Текст > Показать скрытые символы
type-horizontal,menu,,,Type > Type Orientation > Horizontal,Schrift > Textausrichtung > Horizontal,Текст > Ориентация текста > Горизонтальная
type-vertical,menu,,,Type > Type Orientation > Vertical,Schrift > Textausrichtung > Vertikal,Текст > Ориентация текста > Вертикальная
selectall,menu,,,Select > All,Auswahl > Alles auswählen,Выделение > Все
selectallinartboard,menu,,,Select > All on Active Artboard,Auswahl > Alles auf der aktiven Zeichenfläche,Выделение > Все объекты в активной монтажной области
deselectall,menu,,,Select > Deselect,Auswahl > Auswahl aufheben,Выделение > Отменить выделение
Find Reselect menu item,menu,,,Select > Reselect,Auswahl > Erneut auswählen,Выделение > Выделить снова
Inverse menu item,menu,,,Select > Inverse,Auswahl > Auswahl umkehren,Выделение > Инверсия
Selection Hat 8,menu,,,Select > Next Object Above,Auswahl > Nächstes Objekt darüber,Выделение > Следующий объект сверху
Selection Hat 9,menu,,,Select > Next Object Below,Auswahl > Nächstes Objekt darunter,Выделение > Следующий объект снизу
Find Appearance menu item,menu,26,,Select > Same > Appearance,Auswahl > Gleich > Aussehen,Выделение > По общему признаку > Оформление
Find Appearance Attributes menu item,menu,26,,Select > Same > Appearance Attribute,Auswahl > Gleich > Aussehensattribute,Выделение > По общему признаку > Атрибуты оформления
Find Blending Mode menu item,menu,26,,Select > Same > Blending Mode,Auswahl > Gleich > Füllmethode,Выделение > По общему признаку > С одинаковым режимом наложения
Find Fill & Stroke menu item,menu,26,,Select > Same > Fill & Stroke,Auswahl > Gleich > Fläche und Kontur,Выделение > По общему признаку > С одинаковыми заливкой и обводкой
Find Fill Color menu item,menu,26,,Select > Same > Fill Color,Auswahl > Gleich > Flächenfarbe,Выделение > По общему признаку > С одинаковым цветом заливки
Find Opacity menu item,menu,26,,Select > Same > Opacity,Auswahl > Gleich > Deckkraft,Выделение > По общему признаку > С одинаковой непрозрачностью
Find Stroke Color menu item,menu,26,,Select > Same > Stroke Color,Auswahl > Gleich > Konturfarbe,Выделение > По общему признаку > С одинаковым цветом обводки
Find Stroke Weight menu item,menu,26,,Select > Same > Stroke Weight,Auswahl > Gleich > Konturstärke,Выделение > По общему признаку > С одинаковой толщиной обводки
Find Style menu item,menu,26,,Select > Same > Graphic Style,Auswahl > Gleich > Grafikstil,Выделение > По общему признаку > Стиль графики
Find Live Shape menu item,menu,26,,Select > Same > Shape,Auswahl > Gleich > Form,Выделение > По общему признаку > Фигура
Find Symbol Instance menu item,menu,26,,Select > Same > Symbol Instance,Auswahl > Gleich > Symbolinstanz,Выделение > По общему признаку > Одинаковые образцы символа
Find Link Block Series menu item,menu,26,,Select > Same > Link Block Series,Auswahl > Gleich > Verknüpfungsblockreihen,Выделение > По общему признаку > Последовательность связанных блоков
Find Text Font Family menu item,menu,26,,Select > Same > Font Family,Auswahl > Gleich > Schriftfamilie,Выделение > По общему признаку > Семейство шрифтов
Find Text Font Family Style menu item,menu,26,,Select > Same > Font Family & Style,Auswahl > Gleich > Schriftfamilie und -schnitt,Выделение > По общему признаку > Семейство и стиль шрифтов
Find Text Font Family Style Size menu item,menu,26,,"Select > Same > Font Family, Style & Size","Auswahl > Gleich > Schriftfamilie, -schnitt und -grad","Выделение > По общему признаку > Семейство, стиль и размер шрифтов"
Find Text Font Size menu item,menu,26,,Select > Same > Font Size,Auswahl > Gleich > Schriftgrad,Выделение > По общему признаку > Размер шрифта
Find Text Fill Color menu item,menu,26,,Select > Same > Text Fill Color,Auswahl > Gleich > Textflächenfarbe,Выделение > По общему признаку > Цвет заливки текста
Find Text Stroke Color menu item,menu,26,,Select > Same > Text Stroke Color,Auswahl > Gleich > Textkonturfarbe,Выделение > По общему признаку > Цвет обводки текста
Find Text Fill Stroke Color menu item,menu,26,,Select > Same > Text Fill & Stroke Color,Auswahl > Gleich > Textflächen- und -konturfarbe,Выделение > По общему признаку > Цвет заливки и обводки текста
Selection Hat 3,menu,,,Select > Object > All on Same Layers,Auswahl > Objekt > Alles auf denselben Ebenen,Выделение > По типу объектов > Все на этом же слое
Selection Hat 1,menu,,,Select > Object > Direction Handles,Auswahl > Objekt > Richtungsgriffe,Выделение > По типу объектов > Управляющие манипуляторы
Bristle Brush Strokes menu item,menu,,,Select > Object > Bristle Brush Strokes,Auswahl > Objekt > Borstenpinselstriche,Выделение > По типу объектов > Мазки для кисти из щетины
Brush Strokes menu item,menu,,,Select > Object > Brush Strokes,Auswahl > Objekt > Pinselkonturen,Выделение > По типу объектов > Мазки кисти
Clipping Masks menu item,menu,,,Select > Object > Clipping Masks,Auswahl > Objekt > Schnittmasken,Выделение > По типу объектов > Обтравочные маски
Stray Points menu item,menu,,,Select > Object > Stray Points,Auswahl > Objekt > Einzelne Ankerpunkte,Выделение > По типу объектов > Изолированные точки
Text Objects menu item,menu,,,Select > Object > All Text Objects,Auswahl > Objekt > Alle Textobjekte,Выделение > По типу объектов > Все объекты текста
Point Text Objects menu item,menu,,,Select > Object > Point Text Objects,Auswahl > Objekt > Punkttextobjekte,Выделение > По типу объектов > Объекты текста из точки
Area Text Objects menu item,menu,,,Select > Object > Area Text Objects,Auswahl > Objekt > Flächenttextobjekte,Выделение > По типу объектов > Объекты текста в области
SmartEdit Menu Item,menu,23,,Select > Start/Stop Global Edit,Auswahl > Globale Bearbeitung starten/anhalten,Выделение > Начать глобальное изменение
Selection Hat 10,menu,,,Select > Save Selection...,Auswahl > Auswahl speichern …,Выделение > Сохранить выделенную область…
Selection Hat 11,menu,,,Select > Edit Selection...,Auswahl > Auswahl bearbeiten …,Выделение > Редактировать выделенную область…
Adobe Apply Last Effect,menu,,,Effect > Apply Last Effect,Effekt > Letzten Effekt anwenden,Эффект > Применить последний эффект
Adobe Last Effect,menu,,,Effect > Last Effect,Effekt > Letzter Effekt,Эффект > Последний эффект
Live Rasterize Effect Setting,menu,,,Effect > Document Raster Effects Settings...,Effekt > Dokument-Rastereffekt-Einstellungen …,Эффект > Параметры растровых эффектов в документе...
Live Adobe Geometry3D Extrude,menu,26,,Effect > 3D and Materials > Extrude & Bevel...,Effekt > 3D und Materialien > Extrudieren und abgeflachte Kante …,Эффект > 3D и материалы > Вытягивание и фаска...
Live Adobe Geometry3D Revolve,menu,26,,Effect > 3D and Materials > Revolve...,Effekt > 3D und Materialien > Kreiseln …,Эффект > 3D и материалы > Вращение…
Live Adobe Geometry3D Inflate,menu,26,,Effect > 3D and Materials > Inflate...,Effekt > 3D und Materialien > Aufblasen …,Эффект > 3D и материалы > Раздувание…
Live Adobe Geometry3D Rotate,menu,26,,Effect > 3D and Materials > Rotate...,Effekt > 3D und Materialien > Drehen …,Эффект > 3D и материалы > Поворот…
Live Adobe Geometry3D Materials,menu,26,,Effect > 3D and Materials > Materials...,Effekt > 3D und Materialien > Materialien …,Эффект > 3D и материалы > Материалы…
Live 3DExtrude,menu,26,,Effect > 3D and Materials > 3D (Classic) > Extrude & Bevel (Classic)...,Effekt > 3D (klassisch) > Extrudieren und abgeflachte Kante (klassisch) …,Эффект > 3D (классическое) > Вытягивание и фаска (классический)…
Live 3DRevolve,menu,26,,Effect > 3D and Materials > 3D (Classic) > Revolve (Classic)...,Effekt > 3D (klassisch) > Kreiseln (klassisch) …,Эффект > 3D (классическое) > Вращение (классическое)…
Live 3DRotate,menu,26,,Effect > 3D and Materials > 3D (Classic) > Rotate (Classic)...,Effekt > 3D (klassisch) > Drehen (klassisch) …,Эффект > 3D (классическое) > Поворот (классический)…
Live Rectangle,menu,,,Effect > Convert to Shape > Rectangle...,Effekt > In Form umwandeln > Rechteck …,Эффект > Преобразовать в фигуру> Прямоугольник…
Live Rounded Rectangle,menu,,,Effect > Convert to Shape > Rounded Rectangle...,Effekt > In Form umwandeln > Abgerundetes Rechteck …,Эффект > Преобразовать в фигуру> Прямоугольник со скругленными углами…
Live Ellipse,menu,,,Effect > Convert to Shape > Ellipse...,Effekt > In Form umwandeln > Ellipse …,Эффект > Преобразовать в фигуру> Эллипс…
Live Trim Marks,menu,,,Effect > Crop Marks,Effekt > Schnittmarken,Эффект > Метки обрезки
Live Free Distort,menu,,,Effect > Distort & Transform > Free Distort...,Effekt > Verzerrungs- und Transformationsfilter > Frei verzerren …,Эффект > Исказить и трансформировать > Произвольное искажение...
Live Pucker & Bloat,menu,,,Effect > Distort & Transform > Pucker & Bloat...,Effekt > Verzerrungs- und Transformationsfilter > Zusammenziehen und aufblasen …,Эффект > Исказить и трансформировать > Втягивание и раздувание...
Live Roughen,menu,,,Effect > Distort & Transform > Roughen...,Effekt > Verzerrungs- und Transformationsfilter > Aufrauen …,Эффект > Исказить и трансформировать > Огрубление...
Live Transform,menu,,,Effect > Distort & Transform > Transform...,Effekt > Verzerrungs- und Transformationsfilter > Transformieren …,Эффект > Исказить и трансформировать > Трансформировать...
Live Scribble and Tweak,menu,,,Effect > Distort & Transform > Tweak...,Effekt > Verzerrungs- und Transformationsfilter > Tweak …,Эффект > Исказить и трансформировать > Помарки...
Live Twist,menu,,,Effect > Distort & Transform > Twist...,Effekt > Verzerrungs- und Transformationsfilter > Wirbel …,Эффект > Исказить и трансформировать > Скручивание...
Live Zig Zag,menu,,,Effect > Distort & Transform > Zig Zag...,Effekt > Verzerrungs- und Transformationsfilter > Zickzack …,Эффект > Исказить и трансформировать > Зигзаг...
Live Offset Path,menu,,,Effect > Path > Offset Path...,Effekt > Pfad > Pfad verschieben …,Эффект > Контур > Создать параллельный контур...
Live Outline Object,menu,,,Effect > Path > Outline Object,Effekt > Pfad > Kontur nachzeichnen,Эффект > Контур > Контурный объект
Live Outline Stroke,menu,,,Effect > Path > Outline Stroke,Effekt > Pfad > Konturlinie,Эффект > Контур > Преобразовать обводку в кривые
Live Pathfinder Add,menu,,,Effect > Pathfinder > Add,Effekt > Pathfinder > Hinzufügen,Эффект > Обработка контуров > Добавить
Live Pathfinder Intersect,menu,,,Effect > Pathfinder > Intersect,Effekt > Pathfinder > Schnittmenge bilden,Эффект > Обработка контуров > Пересечение
Live Pathfinder Exclude,menu,,,Effect > Pathfinder > Exclude,Effekt > Pathfinder > Schnittmenge entfernen,Эффект > Обработка контуров > Исключение
Live Pathfinder Subtract,menu,,,Effect > Pathfinder > Subtract,Effekt > Pathfinder > Subtrahieren,Эффект > Обработка контуров > Вычитание
Live Pathfinder Minus Back,menu,,,Effect > Pathfinder > Minus Back,Effekt > Pathfinder > Hinteres Objekt abziehen,Эффект > Обработка контуров > Минус нижний
Live Pathfinder Divide,menu,,,Effect > Pathfinder > Divide,Effekt > Pathfinder > Unterteilen,Эффект > Обработка контуров > Разделение
Live Pathfinder Trim,menu,,,Effect > Pathfinder > Trim,Effekt > Pathfinder > Überlappungsbereich entfernen,Эффект > Обработка контуров > Обрезка
Live Pathfinder Merge,menu,,,Effect > Pathfinder > Merge,Effekt > Pathfinder > Verdeckte Fläche entfernen,Эффект > Обработка контуров > Объединение
Live Pathfinder Crop,menu,,,Effect > Pathfinder > Crop,Effekt > Pathfinder > Schnittmengenfläche,Эффект > Обработка контуров > Кадрировать
Live Pathfinder Outline,menu,,,Effect > Pathfinder > Outline,Effekt > Pathfinder > Kontur aufteilen,Эффект > Обработка контуров > Контур
Live Pathfinder Hard Mix,menu,,,Effect > Pathfinder > Hard Mix,Effekt > Pathfinder > Hart mischen,Эффект > Обработка контуров > Жесткое смешивание
Live Pathfinder Soft Mix,menu,,,Effect > Pathfinder > Soft Mix...,Effekt > Pathfinder > Weich mischen …,Эффект > Обработка контуров > Нежесткое смешивание...
Live Pathfinder Trap,menu,,,Effect > Pathfinder > Trap...,Effekt > Pathfinder > Überfüllen …,Эффект > Обработка контуров > Треппинг…
Live Rasterize,menu,,,Effect > Rasterize...,Effekt > In Pixelbild umwandeln …,Эффект > Растрировать...
Live Adobe Drop Shadow,menu,,,Effect > Stylize > Drop Shadow...,Effekt > Stilisierungsfilter > Schlagschatten …,Эффект > Стилизация > Тень...
Live Feather,menu,,,Effect > Stylize > Feather...,Effekt > Stilisierungsfilter > Weiche Kante …,Эффект > Стилизация > Растушевка...
Live Inner Glow,menu,,,Effect > Stylize > Inner Glow...,Effekt > Stilisierungsfilter > Schein nach innen …,Эффект > Стилизация > Внутреннее свечение...
Live Outer Glow,menu,,,Effect > Stylize > Outer Glow...,Effekt > Stilisierungsfilter > Schein nach außen …,Эффект > Стилизация > Внешнее свечение...
Live Adobe Round Corners,menu,,,Effect > Stylize > Round Corners...,Effekt > Stilisierungsfilter > Ecken abrunden …,Эффект > Стилизация > Скругленные углы...
Live Scribble Fill,menu,,,Effect > Stylize > Scribble...,Effekt > Stilisierungsfilter > Scribble …,Эффект > Стилизация > Каракули…
Live SVG Filters,menu,,,Effect > SVG Filters > Apply SVG Filter...,Effekt > SVG-Filter > SVG-Filter anwenden …,Эффект > Фильтры SVG > Применить SVG-фильтр...
SVG Filter Import,menu,,,Effect > SVG Filters > Import SVG Filter...,Effekt > SVG-Filter > SVG-Filter importieren …,Эффект > Фильтры SVG > Импортировать фильтр SVG...
Live Deform Arc,menu,,,Effect > Warp > Arc...,Effekt > Verkrümmungsfilter > Bogen …,Эффект > Деформация > Дуга…
Live Deform Arc Lower,menu,,,Effect > Warp > Arc Lower...,Effekt > Verkrümmungsfilter > Bogen unten …,Эффект > Деформация > Дуга вниз…
Live Deform Arc Upper,menu,,,Effect > Warp > Arc Upper...,Effekt > Verkrümmungsfilter > Bogen oben …,Эффект > Деформация > Дуга вверх…
Live Deform Arch,menu,,,Effect > Warp > Arch...,Effekt > Verkrümmungsfilter > Torbogen …,Эффект > Деформация > Арка…
Live Deform Bulge,menu,,,Effect > Warp > Bulge...,Effekt > Verkrümmungsfilter > Wulst …,Эффект > Деформация > Выпуклость…
Live Deform Shell Lower,menu,,,Effect > Warp > Shell Lower...,Effekt > Verkrümmungsfilter > Muschel unten …,Эффект > Деформация > Панцирь вниз…
Live Deform Shell Upper,menu,,,Effect > Warp > Shell Upper...,Effekt > Verkrümmungsfilter > Muschel oben …,Эффект > Деформация > Панцирь вверх…
Live Deform Flag,menu,,,Effect > Warp > Flag...,Effekt > Verkrümmungsfilter > Flagge …,Эффект > Деформация > Флаг…
Live Deform Wave,menu,,,Effect > Warp > Wave...,Effekt > Verkrümmungsfilter > Schwingungen …,Эффект > Деформация > Волна…
Live Deform Fish,menu,,,Effect > Warp > Fish...,Effekt > Verkrümmungsfilter > Fisch …,Эффект > Деформация > Рыба…
Live Deform Rise,menu,,,Effect > Warp > Rise...,Effekt > Verkrümmungsfilter > Ansteigend …,Эффект > Деформация > Подъем…
Live Deform Fisheye,menu,,,Effect > Warp > Fisheye...,Effekt > Verkrümmungsfilter > Fischauge …,Эффект > Деформация > Рыбий глаз…
Live Deform Inflate,menu,,,Effect > Warp > Inflate...,Effekt > Verkrümmungsfilter > Aufblasen …,Эффект > Деформация > Раздувание…
Live Deform Squeeze,menu,,,Effect > Warp > Squeeze...,Effekt > Verkrümmungsfilter > Stauchen …,Эффект > Деформация > Сжатие…
Live Deform Twist,menu,,,Effect > Warp > Twist...,Effekt > Verkrümmungsfilter > Wirbel …,Эффект > Деформация > Скручивание…
Live PSAdapter_plugin_GEfc,menu,,,Effect > Effect Gallery...,Effekt > Effekte-Galerie …,Эффект > Галерея эффектов…
Live PSAdapter_plugin_ClrP,menu,,,Effect > Artistic > Colored Pencil...,Effekt > Kunstfilter > Buntstiftschraffur …,Эффект > Имитация > Цветные карандаши…
Live PSAdapter_plugin_Ct,menu,,,Effect > Artistic > Cutout...,Effekt > Kunstfilter > Farbpapier-Collage …,Эффект > Имитация > Аппликация…
Live PSAdapter_plugin_DryB,menu,,,Effect > Artistic > Dry Brush...,Effekt > Kunstfilter > Grobe Malerei …,Эффект > Имитация > Сухая кисть…
Live PSAdapter_plugin_FlmG,menu,,,Effect > Artistic > Film Grain...,Effekt > Kunstfilter > Körnung & Aufhellung …,Эффект > Имитация > Зернистость пленки…
Live PSAdapter_plugin_Frsc,menu,,,Effect > Artistic > Fresco...,Effekt > Kunstfilter > Fresko …,Эффект > Имитация > Фреска…
Live PSAdapter_plugin_NGlw,menu,,,Effect > Artistic > Neon Glow...,Effekt > Kunstfilter > Neonschein …,Эффект > Имитация > Неоновый свет…
Live PSAdapter_plugin_PntD,menu,,,Effect > Artistic > Paint Daubs...,Effekt > Kunstfilter > Ölfarbe getupft …,Эффект > Имитация > Масляная живопись…
Live PSAdapter_plugin_PltK,menu,,,Effect > Artistic > Palette Knife...,Effekt > Kunstfilter > Malmesser …,Эффект > Имитация > Шпатель…
Live PSAdapter_plugin_PlsW,menu,,,Effect > Artistic > Plastic Wrap...,Effekt > Kunstfilter > Kunststofffolie …,Эффект > Имитация > Целлофановая упаковка…
Live PSAdapter_plugin_PstE,menu,,,Effect > Artistic > Poster Edges...,Effekt > Kunstfilter > Tontrennung & Kantenbetonung …,Эффект > Имитация > Очерченные края…
Live PSAdapter_plugin_RghP,menu,,,Effect > Artistic > Rough Pastels...,Effekt > Kunstfilter > Grobes Pastell …,Эффект > Имитация > Пастель…
Live PSAdapter_plugin_SmdS,menu,,,Effect > Artistic > Smudge Stick...,Effekt > Kunstfilter > Diagonal verwischen …,Эффект > Имитация > Растушевка…
Live PSAdapter_plugin_Spng,menu,,,Effect > Artistic > Sponge...,Effekt > Kunstfilter > Schwamm …,Эффект > Имитация > Губка…
Live PSAdapter_plugin_Undr,menu,,,Effect > Artistic > Underpainting...,Effekt > Kunstfilter > Malgrund …,Эффект > Имитация > Рисование на обороте…
Live PSAdapter_plugin_Wtrc,menu,,,Effect > Artistic > Watercolor...,Effekt > Kunstfilter > Aquarell …,Эффект > Имитация > Акварель…
Live Adobe PSL Gaussian Blur,menu,,,Effect > Blur > Gaussian Blur...,Effekt > Weichzeichnungsfilter > Gaußscher Weichzeichner …,Эффект > Размытие > Размытие по Гауссу...
Live PSAdapter_plugin_RdlB,menu,,,Effect > Blur > Radial Blur...,Effekt > Weichzeichnungsfilter > Radialer Weichzeichner …,Эффект > Размытие > Радиальное размытие...
Live PSAdapter_plugin_SmrB,menu,,,Effect > Blur > Smart Blur...,Effekt > Weichzeichnungsfilter > Selektiver Weichzeichner …,Эффект > Размытие > Умное размытие...
Live PSAdapter_plugin_AccE,menu,,,Effect > Brush Strokes > Accented Edges...,Effekt > Malfilter > Kanten betonen …,Эффект > Штрихи > Акцент на краях…
Live PSAdapter_plugin_AngS,menu,,,Effect > Brush Strokes > Angled Strokes...,Effekt > Malfilter > Gekreuzte Malstriche …,Эффект > Штрихи > Наклонные штрихи…
Live PSAdapter_plugin_Crsh,menu,,,Effect > Brush Strokes > Crosshatch...,Effekt > Malfilter > Kreuzschraffur …,Эффект > Штрихи > Перекрестные штрихи…
Live PSAdapter_plugin_DrkS,menu,,,Effect > Brush Strokes > Dark Strokes...,Effekt > Malfilter > Dunkle Malstriche …,Эффект > Штрихи > Темные штрихи…
Live PSAdapter_plugin_InkO,menu,,,Effect > Brush Strokes > Ink Outlines...,Effekt > Malfilter > Konturen mit Tinte nachzeichnen …,Эффект > Штрихи > Обводка…
Live PSAdapter_plugin_Spt,menu,,,Effect > Brush Strokes > Spatter...,Effekt > Malfilter > Spritzer …,Эффект > Штрихи > Разбрызгивание…
Live PSAdapter_plugin_SprS,menu,,,Effect > Brush Strokes > Sprayed Strokes...,Effekt > Malfilter > Verwackelte Striche …,Эффект > Штрихи > Аэрограф…
Live PSAdapter_plugin_Smie,menu,,,Effect > Brush Strokes > Sumi-e...,Effekt > Malfilter > Sumi-e …,Эффект > Штрихи > Суми-э…
Live PSAdapter_plugin_DfsG,menu,,,Effect > Distort > Diffuse Glow...,Effekt > Verzerrungsfilter > Weiches Licht …,Эффект > Искажение > Рассеянное свечение…
Live PSAdapter_plugin_Gls,menu,,,Effect > Distort > Glass...,Effekt > Verzerrungsfilter > Glas …,Эффект > Искажение > Стекло…
Live PSAdapter_plugin_OcnR,menu,,,Effect > Distort > Ocean Ripple...,Effekt > Verzerrungsfilter > Ozeanwellen …,Эффект > Искажение > Океанские волны…
Live PSAdapter_plugin_ClrH,menu,,,Effect > Pixelate > Color Halftone...,Effekt > Vergröberungsfilter > Farbraster …,Эффект > Оформление > Цветные полутона…
Live PSAdapter_plugin_Crst,menu,,,Effect > Pixelate > Crystallize...,Effekt > Vergröberungsfilter > Kristallisieren …,Эффект > Оформление > Кристаллизация…
Live PSAdapter_plugin_Mztn,menu,,,Effect > Pixelate > Mezzotint...,Effekt > Vergröberungsfilter > Mezzotint …,Эффект > Оформление > Меццо-тинто…
Live PSAdapter_plugin_Pntl,menu,,,Effect > Pixelate > Pointillize...,Effekt > Vergröberungsfilter > Punktieren …,Эффект > Оформление > Пуантилизм…
Live PSAdapter_plugin_BsRl,menu,,,Effect > Sketch > Bas Relief...,Effekt > Zeichenfilter > Basrelief …,Эффект > Эскиз > Рельеф…
Live PSAdapter_plugin_ChlC,menu,,,Effect > Sketch > Chalk & Charcoal...,Effekt > Zeichenfilter > Chalk & Charcoal …,Эффект > Эскиз > Мел и уголь…
Live PSAdapter_plugin_Chrc,menu,,,Effect > Sketch > Charcoal...,Effekt > Zeichenfilter > Kohleumsetzung …,Эффект > Эскиз > Уголь…
Live PSAdapter_plugin_Chrm,menu,,,Effect > Sketch > Chrome...,Effekt > Zeichenfilter > Chrom …,Эффект > Эскиз > Хром…
Live PSAdapter_plugin_CntC,menu,,,Effect > Sketch > Cont\u00E9 Crayon...,Effekt > Zeichenfilter > Cont\u00E9-Stifte …,Эффект > Эскиз > Волшебный карандаш…
Live PSAdapter_plugin_GraP,menu,,,Effect > Sketch > Graphic Pen...,Effekt > Zeichenfilter > Strichumsetzung …,Эффект > Эскиз > Тушь…
Live PSAdapter_plugin_HlfS,menu,,,Effect > Sketch > Halftone Pattern...,Effekt > Zeichenfilter > Rasterungseffekt …,Эффект > Эскиз > Полутоновый узор…
Live PSAdapter_plugin_NtPr,menu,,,Effect > Sketch > Note Paper...,Effekt > Zeichenfilter > Prägepapier …,Эффект > Эскиз > Почтовая бумага…
Live PSAdapter_plugin_Phtc,menu,,,Effect > Sketch > Photocopy...,Effekt > Zeichenfilter > Fotokopie …,Эффект > Эскиз > Ксерокопия…
Live PSAdapter_plugin_Plst,menu,,,Effect > Sketch > Plaster...,Effekt > Zeichenfilter > Stuck …,Эффект > Эскиз > Гипс…
Live PSAdapter_plugin_Rtcl,menu,,,Effect > Sketch > Reticulation...,Effekt > Zeichenfilter > Punktierstich …,Эффект > Эскиз > Ретикуляция…
Live PSAdapter_plugin_Stmp,menu,,,Effect > Sketch > Stamp...,Effekt > Zeichenfilter > Stempel …,Эффект > Эскиз > Линогравюра…
Live PSAdapter_plugin_TrnE,menu,,,Effect > Sketch > Torn Edges...,Effekt > Zeichenfilter > Gerissene Kanten …,Эффект > Эскиз > Рваные края…
Live PSAdapter_plugin_WtrP,menu,,,Effect > Sketch > Water Paper...,Effekt > Zeichenfilter > Feuchtes Papier …,Эффект > Эскиз > Мокрая бумага…
Live PSAdapter_plugin_GlwE,menu,,,Effect > Stylize > Glowing Edges...,Effekt > Stilisierungsfilter > Leuchtende Konturen …,Эффект > Стилизация > Свечение краев…
Live PSAdapter_plugin_Crql,menu,,,Effect > Texture > Craquelure...,Effekt > Strukturierungsfilter > Risse …,Эффект > Текстура > Кракелюры…
Live PSAdapter_plugin_Grn,menu,,,Effect > Texture > Grain...,Effekt > Strukturierungsfilter > Körnung …,Эффект > Текстура > Зерно…
Live PSAdapter_plugin_MscT,menu,,,Effect > Texture > Mosaic Tiles...,Effekt > Strukturierungsfilter > Kacheln …,Эффект > Текстура > Мозаичные фрагменты…
Live PSAdapter_plugin_Ptch,menu,,,Effect > Texture > Patchwork...,Effekt > Strukturierungsfilter > Patchwork …,Эффект > Текстура > Цветная плитка…
Live PSAdapter_plugin_StnG,menu,,,Effect > Texture > Stained Glass...,Effekt > Strukturierungsfilter > Buntglas-Mosaik …,Эффект > Текстура > Витраж…
Live PSAdapter_plugin_Txtz,menu,,,Effect > Texture > Texturizer...,Effekt > Strukturierungsfilter > Mit Struktur versehen …,Эффект > Текстура > Текстуризатор…
Live PSAdapter_plugin_Dntr,menu,,,Effect > Video > De-Interlace...,Effekt > Videofilter > De-Interlace …,Эффект > Видео > Устранение чересстрочной развертки...
Live PSAdapter_plugin_NTSC,menu,,,Effect > Video > NTSC Colors,Effekt > Videofilter > NTSC-Farben,Эффект > Видео > Цвета NTSC
preview,menu,,,View > Outline / Preview,Ansicht > Vorschau / Pfadansicht,Просмотр > Контуры / Иллюстрация
GPU Preview,menu,,,View > GPU Preview / Preview on CPU,Ansicht > Mit GPU anzeigen / Mit CPU anzeigen,Просмотр > Просмотр с использованием ЦП / ГП
ink,menu,,,View > Overprint Preview,Ansicht > Überdruckenvorschau,Просмотр > Просмотр наложения цветов
raster,menu,,,View > Pixel Preview,Ansicht > Pixelvorschau,Просмотр > Просмотр в виде пикселов
proof-document,menu,,,View > Proof Setup > Working CMYK,Ansicht > Proof einrichten > Dokument-CMYK,Просмотр > Параметры цветопробы > Рабочее пространство CMYK
proof-mac-rgb,menu,,,View > Proof Setup > Legacy Macintosh RGB (Gamma 1.8),Ansicht > Proof einrichten > Altes Macintosh-RGB (Gamma 1.8),Просмотр > Параметры цветопробы > Ранняя версия Macintosh RGB (Gamma 1.8)
proof-win-rgb,menu,,,View > Proof Setup > Internet Standard RGB (sRGB),Ansicht > Proof einrichten > Internet-Standard-RGB (sRGB),Просмотр > Параметры цветопробы > Стандартная палитра RGB (sRGB) для сети Интернет
proof-monitor-rgb,menu,,,View > Proof Setup > Monitor RGB,Ansicht > Proof einrichten > Monitor-RGB,Просмотр > Параметры цветопробы > Палитра RGB монитора
proof-colorblindp,menu,,,View > Proof Setup > Color blindness - Protanopia-type,Ansicht > Proof einrichten > Farbenblindheit (Protanopie),Просмотр > Параметры цветопробы > Дальтонизм - протанопия
proof-colorblindd,menu,,,View > Proof Setup > Color blindness - Deuteranopia-type,Ansicht > Proof einrichten > Farbenblindheit (Deuteranopie),Просмотр > Параметры цветопробы > Дальтонизм - дейтеранопия
proof-custom,menu,,,View > Proof Setup > Customize...,Ansicht > Proof einrichten > Anpassen …,Просмотр > Параметры цветопробы > Заказные параметры…
proofColors,menu,,,View > Proof Colors,Ansicht > Farbproof,Просмотр > Цветопроба
zoomin,menu,,,View > Zoom In,Ansicht > Einzoomen,Просмотр > Увеличение
zoomout,menu,,,View > Zoom Out,Ansicht > Auszoomen,Просмотр > Уменьшение
fitin,menu,,,View > Fit Artboard in Window,Ansicht > Zeichenfläche in Fenster einpassen,Просмотр > Подогнать монтажную область по размеру окна
fitall,menu,,,View > Fit All in Window,Ansicht > Alle in Fenster einpassen,Просмотр > Подогнать все по размеру окна
AISlice Feedback Menu,menu,,,View > Show / Hide Slices,Ansicht > Slices einblenden / ausblenden,Просмотр > Показать / спрятать фрагменты
AISlice Lock Menu,menu,,,View > Lock Slices,Ansicht > Slices fixieren,Просмотр > Закрепить фрагменты
AI Bounding Box Toggle,menu,,,View > Show / Hide Bounding Box,Ansicht > Begrenzungsrahmen einblenden / ausblenden,Просмотр > Показать / спрятать ограничительную рамку
TransparencyGrid Menu Item,menu,,,View > Show / Hide Transparency Grid,Ansicht > Transparenzraster einblenden / ausblenden,Просмотр > Показать / спрятать сетку прозрачности
actualsize,menu,,,View > Actual Size,Ansicht > Originalgröße,Просмотр > Реальный размер
Show Gaps Planet X,menu,,,View > Show / Hide Live Paint Gaps,Ansicht > Interaktive Mallücken einblenden / ausblenden,Просмотр > Показать / спрятать зазоры быстрых заливок
Gradient Feedback,menu,,,View > Show / Hide Gradient Annotator,Ansicht > Verlaufsoptimierer einblenden / ausblenden,Просмотр > Показать / спрятать градиентный аннотатор
Live Corner Annotator,menu,17.1,,View > Show / Hide Corner Widget,Ansicht > Ecken-Widget einblenden / ausblenden,Просмотр > Показать / скрыть виджет углов
edge,menu,,,View > Show / Hide Edges,Ansicht > Ecken einblenden / ausblenden,Просмотр > Показать / спрятать границы
Snapomatic on-off menu item,menu,,,View > Smart Guides,Ansicht > Intelligente Hilfslinien,Просмотр > Быстрые направляющие
Show Perspective Grid,menu,,,View > Perspective Grid > Show / Hide Grid,Ansicht > Perspektivenraster > Raster einblenden / ausblenden,Просмотр > Сетка перспективы > Показать / скрыть сетку
Show Ruler,menu,,,View > Perspective Grid > Show / Hide Rulers,Ansicht > Perspektivenraster > Lineale einblenden / ausblenden,Просмотр > Сетка перспективы > Показать / скрыть линейки
Snap to Grid,menu,,,View > Perspective Grid > Snap to Grid,Ansicht > Perspektivenraster > Am Raster ausrichten,Просмотр > Сетка перспективы > Привязать к сетке
Lock Perspective Grid,menu,,,View > Perspective Grid > Lock Grid,Ansicht > Perspektivenraster > Raster sperren,Просмотр > Сетка перспективы > Закрепить сетку
Lock Station Point,menu,,,View > Perspective Grid > Lock Station Point,Ansicht > Perspektivenraster > Bezugspunkt sperren,Просмотр > Сетка перспективы > Закрепить точку наблюдения
Define Perspective Grid,menu,,,View > Perspective Grid > Define Grid,Ansicht > Perspektivenraster > Raster definieren,Просмотр > Сетка перспективы > Определить сетку...
Save Perspective Grid as Preset,menu,,,View > Perspective Grid > Save Grid as Preset,Ansicht > Perspektivenraster > Raster als Vorgabe speichern,Просмотр > Сетка перспективы > Сохранить сетку как стиль...
artboard,menu,,,View > Show / Hide Artboards,Ansicht > Zeichenflächen einblenden / ausblenden,Просмотр > Показать / скрыть монтажные области
pagetiling,menu,,,View > Show / Hide Print Tiling,Ansicht > Druckaufteilung einblenden / ausblenden,Просмотр > Показать / спрятать разбиение для печати
showtemplate,menu,,,View > Show / Hide Template,Ansicht > Vorlage einblenden / ausblenden,Просмотр > Спрятать шаблон
ruler,menu,,,View > Rulers > Show / Hide Rulers,Ansicht > Lineale > Lineale einblende / ausblendenn,Просмотр > Показать / скрыть линейки
rulerCoordinateSystem,menu,,,View > Rulers > Change to Global Rulers,Ansicht > Lineale > In globale Lineale ändern,Просмотр > Линейки > Сменить на общие линейки / монтажной области
videoruler,menu,,,View > Rulers > Show / Hide Video Rulers,Ansicht > Lineale > Videolineale einblenden / ausblenden,Просмотр > Показать / скрыть линейки видео
textthreads,menu,,,View > Show / Hide Text Threads,Ansicht > Textverkettungen einblenden / ausblenden,Просмотр > Показать / спрятать связи текстовых блоков
showguide,menu,,,View > Guides > Show / Hide Guides,Ansicht > Hilfslinien > Hilfslinien einblenden / ausblenden,Просмотр > Направляющие > Показать / спрятать направляющие
lockguide,menu,,,View > Guides > Lock Guides,Ansicht > Hilfslinien > Hilfslinien sperren,Просмотр > Направляющие > Закрепить направляющие
makeguide,menu,,,View > Guides > Make Guides,Ansicht > Hilfslinien > Hilfslinien erstellen,Просмотр > Направляющие > Создать направляющие
releaseguide,menu,,,View > Guides > Release Guides,Ansicht > Hilfslinien > Hilfslinien zurückwandeln,Просмотр > Направляющие > Освободить направляющие
clearguide,menu,,,View > Guides > Clear Guides,Ansicht > Hilfslinien > Hilfslinien löschen,Просмотр > Направляющие > Удалить направляющие
showgrid,menu,,,View > Show / Hide Grid,Ansicht > Raster einblenden / ausblenden,Просмотр > Показать / спрятать сетку
snapgrid,menu,,,View > Snap to Grid,Ansicht > Am Raster ausrichten,Просмотр > Выравнивать по сетке
snappoint,menu,,,View > Snap to Point,Ansicht > An Punkt ausrichten,Просмотр > Выравнивать по точкам
newview,menu,,,View > New View...,Ansicht > Neue Ansicht …,Просмотр > Новый вид…
editview,menu,,,View > Edit Views...,Ansicht > Ansicht bearbeiten …,Просмотр > Редактировать виды…
newwindow,menu,,,Window > New Window,Fenster > Neues Fenster,Окно > Новое окно
cascade,menu,,,Window > Arrange > Cascade,Fenster > Anordnen > Überlappend,Окно > Упорядить > Каскадом
tile,menu,,,Window > Arrange > Tile,Fenster > Anordnen > Nebeneinander,Окно > Упорядить > Мозаикой
floatInWindow,menu,,,Window > Arrange > Float in Window,Fenster > Anordnen > In Fenster verschiebbar machen,Окно > Упорядить > Плавающее в окне
floatAllInWindows,menu,,,Window > Arrange > Float All in Windows,Fenster > Anordnen > Alle in Fenstern verschiebbar machen,Окно > Упорядить > Все плавающие в окнах
consolidateAllWindows,menu,,,Window > Arrange > Consolidate All Windows,Fenster > Anordnen > Alle Fenster zusammenführen,Окно > Упорядить > Объединить все окна
Adobe Reset Workspace,menu,,,Window > Reset Workspace,Fenster > Arbeitsbereich > Zurücksetzen,Окно > Восстановить рабочую среду
Adobe New Workspace,menu,,,Window > Workspace > New Workspace...,Fenster > Arbeitsbereich > Neuer Arbeitsbereich …,Окно > Рабочая среда > Создать рабочую среду...
Adobe Manage Workspace,menu,,,Window > Workspace > Manage Workspaces...,Fenster > Arbeitsbereich > Arbeitsbereiche verwalten …,Окно > Рабочая среда > Управление рабочими средами...
Browse Add-Ons Menu,menu,19,,Window > Find Extensions on Exchange...,Fenster > Erweiterungen auf Exchange suchen …,Окно > Поиск расширений на Exchange...
drover control palette plugin,menu,,,Window > Control,Fenster > Steuerung,Окно > Панель управления
Adobe Advanced Toolbar Menu,menu,23,,Window > Toolbars > Advanced,Fenster > Werkzeugleisten > Erweitert,Окно > Панели инструментов > Дополнительные
Adobe Basic Toolbar Menu,menu,23,,Window > Toolbars > Basic,Fenster > Werkzeugleisten > Einfach,Окно > Панели инструментов > Основные
New Tools Panel,menu,17,,Window > Toolbars > New Toolbar...,Fenster > Werkzeugleisten > Neue Werkzeugleiste …,Окно > Панели инструментов > Новая панель инструментов...
Manage Tools Panel,menu,17,,Window > Toolbars > Manage Toolbar...,Fenster > Werkzeugleisten > Werkzeugleisten verwalten …,Окно > Панели инструментов > Управление панелями инструментов...
Adobe 3D Panel,menu,26,,Window > 3D and Materials,Fenster > 3D und Materialien,Окно > 3D и материалы
Adobe Action Palette,menu,,,Window > Actions,Fenster > Aktionen,Окно > Операции
AdobeAlignObjects2,menu,,,Window > Align,Fenster > Ausrichten,Окно > Выравнивание
Style Palette,menu,,,Window > Appearance,Fenster > Aussehen,Окно > Оформление
Adobe Artboard Palette,menu,,,Window > Artboards,Fenster > Zeichenflächen,Окно > Монтажные области
Adobe SmartExport Panel Menu Item,menu,20,,Window > Asset Export,Fenster > Export von Element,Окно > Экспорт ресурсов
internal palettes posing as plug-in menus-attributes,menu,,,Window > Attributes,Fenster > Attribute,Окно > Атрибуты
Adobe BrushManager Menu Item,menu,,,Window > Brushes,Fenster > Pinsel,Окно > Кисти
Adobe Color Palette,menu,,,Window > Color,Fenster > Farbe,Окно > Цвет
Adobe Harmony Palette,menu,,,Window > Color Guide,Fenster > Farbhilfe,Окно > Каталог цветов
Adobe Commenting Palette,menu,26,,Window > Comments,Fenster > Kommentare,Окно > Комментарии
CSS Menu Item,menu,,,Window > CSS Properties,CSS-Eigenschaften,Окно > Свойства CSS
DocInfo1,menu,,,Window > Document Info,Fenster > Dokumentinformationen,Окно > Информация о документе
Adobe Flattening Preview,menu,,,Window > Flattener Preview,Fenster > Reduzierungsvorschau,Окно > Просмотр результатов сведения
Adobe Gradient Palette,menu,,,Window > Gradient,Fenster > Verlauf,Окно > Градиент
Adobe Style Palette,menu,,,Window > Graphic Styles,Fenster > Grafikstile,Окно > Стили графики
Adobe HistoryPanel Menu Item,menu,26.4,,Window > History,Fenster > Versionsverlauf,Окно > История
internal palettes posing as plug-in menus-info,menu,,,Window > Info,Fenster > Info,Окно > Информация
AdobeLayerPalette1,menu,,,Window > Layers,Fenster > Ebenen,Окно > Слои
Adobe CSXS Extension com.adobe.DesignLibraries.angularLibraries,menu,,,Window > Libraries,Fenster > Bibliotheken,Окно > Библиотеки
Adobe LinkPalette Menu Item,menu,,,Window > Links,Fenster > Verknüpfungen,Окно > Связи
AI Magic Wand,menu,,,Window > Magic Wand,Fenster > Zauberstab,Окно > Волшебная палочка
AdobeNavigator,menu,,,Window > Navigator,Fenster > Navigator,Окно > Навигатор
Adobe PathfinderUI,menu,,,Window > Pathfinder,Fenster > Pathfinder,Окно > Обработка контуров
Adobe Pattern Panel Toggle,menu,,,Window > Pattern Options,Fenster > Musteroptionen,Окно > Параметры узора
Adobe Property Palette,menu,26,,Window > Properties,Fenster > Eigenschaften,Окно > Свойства
Adobe Separation Preview Panel,menu,,,Window > Separations Preview,Fenster > Separationenvorschau,Окно > Просмотр цветоделений
Adobe Stroke Palette,menu,,,Window > Stroke,Fenster > Kontur,Окно > Обводка
Adobe SVG Interactivity Palette,menu,,,Window > SVG Interactivity,Fenster > SVG-Interaktivität,Окно > Интерактивность SVG
Adobe Swatches Menu Item,menu,,,Window > Swatches,Fenster > Farbfelder,Окно > Образцы
Adobe Symbol Palette,menu,,,Window > Symbols,Fenster > Symbole,Окно > Символы
AdobeTransformObjects1,menu,,,Window > Transform,Fenster > Transformieren,Окно > Трансформирование
Adobe Transparency Palette Menu Item,menu,,,Window > Transparency,Fenster > Transparenz,Окно > Прозрачность
internal palettes posing as plug-in menus-character,menu,,,Window > Type > Character,Fenster > Schrift > Zeichen,Окно > Текст > Символ
Character Styles,menu,,,Window > Type > Character Styles,Fenster > Schrift > Zeichenformate,Окно > Текст > Стили символов
alternate glyph palette plugin 2,menu,,,Window > Type > Glyphs,Fenster > Schrift > Glyphen,Окно > Текст > Глифы
internal palettes posing as plug-in menus-opentype,menu,,,Window > Type > OpenType,Fenster > Schrift > OpenType,Окно > Текст > OpenType
internal palettes posing as plug-in menus-paragraph,menu,,,Window > Type > Paragraph,Fenster > Schrift > Absatz,Окно > Текст > Абзац
Adobe Paragraph Styles Palette,menu,,,Window > Type > Paragraph Styles,Fenster > Schrift > Absatzformate,Окно > Текст > Стили абзацев
internal palettes posing as plug-in menus-tab,menu,,,Window > Type > Tabs,Fenster > Schrift > Tabulatoren,Окно > Текст > Табуляция
Adobe Variables Palette Menu Item,menu,,,Window > Variables,Fenster > Variablen,Окно > Переменные
Adobe Version History File Menu Item,menu,26,,Window > Version History,Fenster > Versionsverlauf,Окно > Журнал версий
AdobeBrushMgrUI Other libraries menu item,menu,,,Window > Brush Libraries > Other Library,Fenster > Pinsel-Bibliotheken > Andere Bibliothek …,Окно > Библиотеки кистей > Другая библиотека...
Adobe Art Style Plugin Other libraries menu item,menu,,,Window > Graphic Style Libraries > Other Library...,Fenster > Grafikstil-Bibliotheken > Andere Bibliothek …,Окно > Библиотеки стилей графики > Другая библиотека...
AdobeSwatch_ Other libraries menu item,menu,,,Window > Swatch Libraries > Other Library...,Fenster > Farbfeld-Bibliotheken > Andere Bibliothek …,Окно > Библиотеки образцов > Другая библиотека...
Adobe Symbol Palette Plugin Other libraries menu item,menu,,,Window > Symbol Libraries > Other Library...,Fenster > Symbol-Bibliotheken > Andere Bibliothek …,Окно > Библиотеки символов > Другая библиотека...
helpcontent,menu,,,Help > Illustrator Help...,Hilfe > Illustrator-Hilfe …,Справка > Справка программы Illustrator...
supportCommunity,menu,26,,Help > Support Community,Hilfe > Support-Community,Справка > Сообщество службы поддержки
wishform,menu,25,,Help > Submit Bug/Feature Request...,Hilfe > Fehlermeldung / Funktionswunsch senden …,Справка > Сообщение об ошибке/запрос на добавление новых функций...
System Info,menu,,,Help > System Info...,Hilfe > Systeminformationen …,Справка > Информация о системе…
Adobe Actions Batch,menu,,,Palette > Actions > Batch...,Anderes Bedienfeld > Aktionsstapel …,Палитра > Операции > Пакетная обработка…
Adobe New Fill Shortcut,menu,,,Palette > Appearance > Add New Fill,Anderes Bedienfeld > Neue Fläche hinzufügen,Палитра > Оформление > Добавить новую заливку
Adobe New Stroke Shortcut,menu,,,Palette > Appearance > Add New Stroke,Anderes Bedienfeld > Neue Kontur hinzufügen,Палитра > Оформление > Добавить новую обводку
Adobe New Style Shortcut,menu,,,Palette > Graphic Styles > New Graphic Style...,Anderes Bedienfeld > Neuer Grafikstil …,Палитра > Стили графики > Новый стиль графики
AdobeLayerPalette2,menu,,,Palette > Layers > New Layer,Anderes Bedienfeld > Neue Ebene,Палитра > Слои > Создать новый слой
AdobeLayerPalette3,menu,,,Palette > Layers > New Layer with Dialog...,Anderes Bedienfeld > Neue Ebene mit Dialog …,Палитра > Слои > Создать новый с параметрами...
Adobe Update Link Shortcut,menu,,,Palette > Links > Update Link,Anderes Bedienfeld > Verknüpfung aktualisieren,Палитра > Связи > Обновить связь
Adobe New Swatch Shortcut Menu,menu,,,Palette > Swatches > New Swatch...,Anderes Bedienfeld > Neues Farbfeld …,Палитра > Образцы > Новый образец
Adobe New Symbol Shortcut,menu,,,Palette > Symbols > New Symbol...,Anderes Bedienfeld > Neues Symbol …,Палитра > Символы > Новый символ
about,menu,,,About Illustrator...,Über Illustrator …,О программе Illustrator…
preference,menu,,,Preferences > General...,Voreinstellungen > Allgemein …,Установки > Основные…
selectPref,menu,,,Preferences > Selection & Anchor Display...,Voreinstellungen > Auswahl und Ankerpunkt-Anzeige …,Установки > Отображение выделения и опорных точек…
keyboardPref,menu,,,Preferences > Type...,Voreinstellungen > Schrift …,Установки > Текст…
unitundoPref,menu,,,Preferences > Units...,Voreinstellungen > Einheit …,Установки > Единицы измерения…
guidegridPref,menu,,,Preferences > Guides & Grid...,Voreinstellungen > Hilfslinien und Raster …,Установки > Направляющие и сетка…
snapPref,menu,,,Preferences > Smart Guides...,Voreinstellungen > Intelligente Hilfslinien …,Установки > Быстрые направляющие…
slicePref,menu,,,Preferences > Slices...,Voreinstellungen > Slices …,Установки > Фрагменты…
hyphenPref,menu,,,Preferences > Hyphenation...,Voreinstellungen > Silbentrennung …,Установки > Расстановка переносов…
pluginPref,menu,,,Preferences > Plug-ins & Scratch Disks...,Voreinstellungen > Zusatzmodule und virtueller Speicher …,Установки > Внешние модули и рабочие диски…
UIPref,menu,,,Preferences > User Interface...,Voreinstellungen > Benutzeroberfläche …,Установки > Интерфейс пользователя…
GPUPerformancePref,menu,19,,Preferences > Performance,Voreinstellungen > Leistung …,Установки > Производительность…
FilePref,menu,,,Preferences > File Handling...,Voreinstellungen > Dateihandhabung…,Установки > Обработка файлов…
ClipboardPref,menu,25,,Preferences > Clipboard Handling,Voreinstellungen > Zwischenablageoptionen …,Установки > Обработка буфера…
BlackPref,menu,,,Preferences > Appearance of Black...,Bearbeiten > Voreinstellungen > Aussehen von Schwarz …,Установки > Воспроизведение черного цвета...
DevicesPref,menu,24,,Preferences > Devices,Voreinstellungen > Geräte …,Установки > Устройства…